frame,source_width,source_height,crop_left,crop_top,crop_right,crop_bottom,crop_width,crop_height,invalid_pixels_inside_crop,output_width,output_height
frame_0000.jpg,1750,1238,125,0,1721,1175,1596,1175,0,1596,1175
frame_0002.jpg,1734,1236,113,0,1709,1179,1596,1179,0,1596,1179
frame_0004.jpg,1737,1237,113,0,1709,1183,1596,1183,0,1596,1183
frame_0006.jpg,1736,1236,110,0,1706,1188,1596,1188,0,1596,1188
frame_0008.jpg,1736,1237,111,0,1707,1188,1596,1188,0,1596,1188
frame_0010.jpg,1735,1236,112,0,1708,1188,1596,1188,0,1596,1188
frame_0012.jpg,1739,1236,121,0,1717,1186,1596,1186,0,1596,1186
frame_0014.jpg,1742,1237,122,0,1718,1187,1596,1187,0,1596,1187
frame_0016.jpg,1761,1251,136,0,1732,1193,1596,1193,0,1596,1193
frame_0018.jpg,1762,1249,136,0,1732,1193,1596,1193,0,1596,1193
frame_0020.jpg,1765,1251,139,0,1735,1193,1596,1193,0,1596,1193
frame_0022.jpg,1765,1251,140,0,1736,1193,1596,1193,0,1596,1193
frame_0024.jpg,1763,1250,138,0,1734,1193,1596,1193,0,1596,1193
frame_0026.jpg,1762,1249,137,0,1733,1193,1596,1193,0,1596,1193
frame_0028.jpg,1763,1249,139,0,1735,1194,1596,1194,0,1596,1194
frame_0030.jpg,1761,1250,138,0,1734,1195,1596,1195,0,1596,1195
frame_0032.jpg,1727,1240,120,0,1716,1196,1596,1196,0,1596,1196
frame_0034.jpg,1696,1257,97,10,1693,1206,1596,1196,0,1596,1196
frame_0036.jpg,1686,1265,85,14,1681,1210,1596,1196,0,1596,1196
frame_0038.jpg,1688,1264,86,13,1682,1209,1596,1196,0,1596,1196
frame_0040.jpg,1692,1262,91,12,1687,1208,1596,1196,0,1596,1196
frame_0042.jpg,1686,1264,86,13,1682,1209,1596,1196,0,1596,1196
frame_0044.jpg,1688,1262,88,12,1684,1208,1596,1196,0,1596,1196
frame_0046.jpg,1696,1251,93,7,1689,1203,1596,1196,0,1596,1196
frame_0048.jpg,1700,1250,99,5,1695,1201,1596,1196,0,1596,1196
frame_0050.jpg,1715,1236,118,0,1715,1195,1597,1195,0,1597,1195
frame_0052.jpg,1700,1230,104,0,1700,1194,1596,1194,0,1596,1194
frame_0054.jpg,1703,1230,105,0,1703,1194,1598,1194,0,1598,1194
frame_0056.jpg,1707,1228,108,0,1704,1193,1596,1193,0,1596,1193
frame_0058.jpg,1709,1228,109,0,1705,1193,1596,1193,0,1596,1193
frame_0060.jpg,1704,1228,105,0,1701,1193,1596,1193,0,1596,1193
frame_0062.jpg,1705,1228,107,0,1705,1192,1598,1192,0,1598,1192
frame_0064.jpg,1699,1230,101,0,1699,1193,1598,1193,0,1598,1193
frame_0066.jpg,1701,1229,99,0,1695,1192,1596,1192,0,1596,1192
frame_0068.jpg,1701,1230,100,0,1696,1193,1596,1193,0,1596,1193
frame_0070.jpg,1698,1230,98,0,1694,1193,1596,1193,0,1596,1193
frame_0072.jpg,1698,1231,99,0,1695,1192,1596,1192,0,1596,1192
frame_0074.jpg,1710,1228,109,0,1705,1192,1596,1192,0,1596,1192
frame_0076.jpg,1706,1229,100,0,1696,1190,1596,1190,0,1596,1190
frame_0078.jpg,1711,1228,104,0,1700,1189,1596,1189,0,1596,1189
frame_0080.jpg,1701,1229,91,0,1687,1188,1596,1188,0,1596,1188
frame_0082.jpg,1697,1230,90,0,1686,1188,1596,1188,0,1596,1188
frame_0084.jpg,1704,1228,101,0,1697,1191,1596,1191,0,1596,1191
frame_0086.jpg,1705,1228,102,0,1698,1192,1596,1192,0,1596,1192
frame_0088.jpg,1701,1230,101,0,1697,1193,1596,1193,0,1596,1193
frame_0090.jpg,1706,1229,105,0,1701,1192,1596,1192,0,1596,1192
frame_0092.jpg,1699,1230,100,0,1696,1192,1596,1192,0,1596,1192
frame_0094.jpg,1702,1229,102,0,1698,1192,1596,1192,0,1596,1192
frame_0096.jpg,1703,1229,101,0,1697,1191,1596,1191,0,1596,1191
frame_0098.jpg,1707,1229,106,0,1702,1191,1596,1191,0,1596,1191
frame_0100.jpg,1700,1229,100,0,1696,1192,1596,1192,0,1596,1192
frame_0102.jpg,1715,1211,111,0,1707,1187,1596,1187,0,1596,1187
frame_0104.jpg,1717,1211,110,0,1706,1186,1596,1186,0,1596,1186
frame_0106.jpg,1717,1211,109,0,1705,1186,1596,1186,0,1596,1186
frame_0108.jpg,1719,1210,113,0,1709,1185,1596,1185,0,1596,1185
frame_0110.jpg,1713,1211,109,0,1705,1187,1596,1187,0,1596,1187
frame_0112.jpg,1723,1209,119,0,1715,1185,1596,1185,0,1596,1185
frame_0114.jpg,1726,1209,118,0,1714,1185,1596,1185,0,1596,1185
frame_0116.jpg,1718,1210,111,0,1707,1184,1596,1184,0,1596,1184
frame_0118.jpg,1718,1210,111,0,1707,1184,1596,1184,0,1596,1184
frame_0120.jpg,1714,1211,118,0,1714,1181,1596,1181,0,1596,1181
frame_0122.jpg,1721,1210,124,0,1721,1180,1597,1180,0,1597,1180
frame_0124.jpg,1724,1209,126,0,1724,1179,1598,1179,0,1598,1179
frame_0126.jpg,1724,1209,124,0,1720,1179,1596,1179,0,1596,1179
frame_0128.jpg,1718,1210,118,0,1714,1180,1596,1180,0,1596,1180
frame_0130.jpg,1726,1214,119,0,1715,1188,1596,1188,0,1596,1188
frame_0132.jpg,1733,1235,125,0,1721,1198,1596,1198,0,1596,1198
frame_0134.jpg,1734,1234,123,0,1719,1198,1596,1198,0,1596,1198
frame_0136.jpg,1734,1234,124,0,1720,1197,1596,1197,0,1596,1197
frame_0138.jpg,1738,1234,144,0,1738,1192,1594,1192,0,1594,1192
frame_0140.jpg,1733,1235,140,0,1733,1193,1593,1193,0,1593,1193
frame_0142.jpg,1731,1236,136,0,1731,1194,1595,1194,0,1595,1194
frame_0144.jpg,1728,1236,126,3,1722,1199,1596,1196,0,1596,1196
frame_0146.jpg,1733,1235,131,0,1727,1198,1596,1198,0,1596,1198
frame_0148.jpg,1729,1236,126,3,1722,1199,1596,1196,0,1596,1196
frame_0150.jpg,1722,1227,125,0,1722,1192,1597,1192,0,1597,1192
frame_0152.jpg,1702,1224,113,0,1702,1192,1589,1192,0,1589,1192
frame_0154.jpg,1712,1231,120,13,1712,1209,1592,1196,0,1592,1196
frame_0156.jpg,1718,1237,118,17,1714,1213,1596,1196,0,1596,1196
frame_0158.jpg,1712,1238,112,18,1708,1214,1596,1196,0,1596,1196
frame_0160.jpg,1711,1239,111,18,1707,1214,1596,1196,0,1596,1196
frame_0162.jpg,1727,1248,134,17,1727,1213,1593,1196,0,1593,1196
frame_0164.jpg,1706,1247,108,18,1706,1214,1598,1196,0,1598,1196
frame_0166.jpg,1685,1241,75,27,1671,1223,1596,1196,0,1596,1196
frame_0168.jpg,1716,1255,95,17,1691,1213,1596,1196,0,1596,1196
frame_0170.jpg,1729,1254,103,15,1699,1211,1596,1196,0,1596,1196
frame_0172.jpg,1728,1261,111,14,1707,1210,1596,1196,0,1596,1196
frame_0174.jpg,1751,1268,129,18,1725,1214,1596,1196,0,1596,1196
frame_0176.jpg,1734,1275,119,19,1715,1215,1596,1196,0,1596,1196
frame_0178.jpg,1731,1275,115,18,1711,1214,1596,1196,0,1596,1196
frame_0180.jpg,1733,1275,114,18,1710,1214,1596,1196,0,1596,1196
frame_0182.jpg,1710,1284,94,17,1690,1213,1596,1196,0,1596,1196
frame_0184.jpg,1705,1285,89,16,1685,1212,1596,1196,0,1596,1196
frame_0186.jpg,1725,1282,118,14,1714,1210,1596,1196,0,1596,1196
frame_0188.jpg,1731,1275,121,13,1717,1209,1596,1196,0,1596,1196
frame_0190.jpg,1727,1275,121,16,1717,1212,1596,1196,0,1596,1196
frame_0192.jpg,1723,1281,120,17,1716,1213,1596,1196,0,1596,1196
frame_0194.jpg,1700,1283,93,16,1689,1212,1596,1196,0,1596,1196
frame_0196.jpg,1715,1282,106,14,1702,1210,1596,1196,0,1596,1196
frame_0198.jpg,1707,1282,98,15,1694,1211,1596,1196,0,1596,1196
frame_0200.jpg,1711,1286,102,14,1698,1210,1596,1196,0,1596,1196
frame_0202.jpg,1725,1282,131,13,1725,1209,1594,1196,0,1594,1196
frame_0204.jpg,1755,1253,146,3,1742,1199,1596,1196,0,1596,1196
frame_0206.jpg,1751,1258,140,0,1736,1197,1596,1197,0,1596,1197
frame_0208.jpg,1759,1256,151,0,1747,1196,1596,1196,0,1596,1196
frame_0210.jpg,1757,1256,150,0,1746,1196,1596,1196,0,1596,1196
frame_0212.jpg,1739,1262,136,0,1732,1198,1596,1198,0,1596,1198
frame_0214.jpg,1738,1262,137,0,1733,1198,1596,1198,0,1596,1198
frame_0216.jpg,1722,1267,117,3,1713,1199,1596,1196,0,1596,1196
frame_0218.jpg,1724,1266,127,0,1724,1196,1597,1196,0,1597,1196
frame_0220.jpg,1732,1259,132,0,1728,1194,1596,1194,0,1596,1194
frame_0222.jpg,1733,1260,127,0,1723,1192,1596,1192,0,1596,1192
frame_0224.jpg,1742,1253,141,0,1737,1191,1596,1191,0,1596,1191
frame_0226.jpg,1740,1253,137,0,1733,1192,1596,1192,0,1596,1192
frame_0228.jpg,1734,1248,26,106,1729,1190,1703,1084,0,1703,1084
frame_0230.jpg,1763,1251,51,91,1763,1190,1712,1099,0,1712,1099
frame_0232.jpg,1742,1251,39,99,1742,1190,1703,1091,0,1703,1091
frame_0234.jpg,1748,1255,156,0,1748,1191,1592,1191,0,1592,1191
frame_0236.jpg,1794,1265,90,92,1785,1194,1695,1102,0,1695,1102
frame_0238.jpg,1794,1265,86,90,1790,1196,1704,1106,0,1704,1106
frame_0240.jpg,1787,1257,60,84,1780,1196,1720,1112,0,1720,1112
frame_0242.jpg,1791,1267,90,95,1787,1196,1697,1101,0,1697,1101
frame_0244.jpg,1790,1261,86,93,1786,1197,1700,1104,0,1700,1104
frame_0246.jpg,1766,1255,63,95,1762,1200,1699,1105,0,1699,1105
frame_0248.jpg,1765,1254,62,89,1756,1201,1694,1112,0,1694,1112
frame_0250.jpg,1765,1254,58,88,1760,1202,1702,1114,0,1702,1114
frame_0252.jpg,1812,1269,93,89,1794,1207,1701,1118,0,1701,1118
frame_0254.jpg,1814,1270,86,83,1804,1206,1718,1123,0,1718,1123
frame_0256.jpg,1818,1255,96,80,1818,1201,1722,1121,0,1722,1121
frame_0258.jpg,1781,1257,68,93,1778,1199,1710,1106,0,1710,1106
frame_0260.jpg,1763,1256,60,96,1763,1198,1703,1102,0,1703,1102
frame_0262.jpg,1764,1247,45,90,1764,1199,1719,1109,0,1719,1109
frame_0264.jpg,1760,1255,60,91,1755,1201,1695,1110,0,1695,1110
frame_0266.jpg,1795,1260,60,78,1795,1211,1735,1133,0,1735,1133
frame_0268.jpg,1791,1262,72,86,1791,1208,1719,1122,0,1719,1122
frame_0270.jpg,1791,1254,54,83,1791,1210,1737,1127,0,1737,1127
frame_0272.jpg,1796,1259,75,87,1796,1207,1721,1120,0,1721,1120
frame_0274.jpg,1770,1251,57,86,1767,1209,1710,1123,0,1710,1123
frame_0276.jpg,1778,1249,59,77,1772,1207,1713,1130,0,1713,1130
frame_0278.jpg,1777,1250,56,76,1774,1206,1718,1130,0,1718,1130
frame_0280.jpg,1806,1256,85,80,1793,1208,1708,1128,0,1708,1128
frame_0282.jpg,1809,1246,77,75,1797,1207,1720,1132,0,1720,1132
frame_0284.jpg,1782,1243,62,81,1775,1204,1713,1123,0,1713,1123
frame_0286.jpg,1782,1243,63,77,1770,1202,1707,1125,0,1707,1125
frame_0288.jpg,1781,1237,71,71,1781,1201,1710,1130,0,1710,1130
frame_0290.jpg,1759,1239,42,80,1759,1200,1717,1120,0,1717,1120
frame_0292.jpg,1767,1229,26,74,1767,1201,1741,1127,0,1741,1127
frame_0294.jpg,1766,1235,38,77,1766,1200,1728,1123,0,1728,1123
frame_0296.jpg,1772,1235,45,79,1772,1200,1727,1121,0,1727,1121
frame_0298.jpg,1848,1218,82,15,1833,1199,1751,1184,0,1751,1184
frame_0300.jpg,1801,1227,49,62,1792,1199,1743,1137,0,1743,1137
frame_0302.jpg,1770,1237,42,76,1770,1199,1728,1123,0,1728,1123
frame_0304.jpg,1774,1231,32,70,1771,1198,1739,1128,0,1739,1128
frame_0306.jpg,1787,1232,36,66,1775,1194,1739,1128,0,1739,1128
frame_0308.jpg,1806,1219,49,59,1801,1196,1752,1137,0,1752,1137
frame_0310.jpg,1795,1225,53,76,1786,1201,1733,1125,0,1733,1125
frame_0312.jpg,1796,1231,43,80,1785,1211,1742,1131,0,1742,1131
frame_0314.jpg,1808,1223,46,69,1798,1207,1752,1138,0,1752,1138
frame_0316.jpg,1817,1227,43,66,1809,1213,1766,1147,0,1766,1147
frame_0318.jpg,1816,1227,42,66,1809,1213,1767,1147,0,1767,1147
frame_0320.jpg,1800,1232,31,74,1800,1212,1769,1138,0,1769,1138
frame_0322.jpg,1814,1231,33,71,1814,1215,1781,1144,0,1781,1144
frame_0324.jpg,1814,1233,25,73,1810,1216,1785,1143,0,1785,1143
frame_0326.jpg,1822,1229,51,71,1807,1213,1756,1142,0,1756,1142
frame_0328.jpg,1865,1212,65,26,1854,1198,1789,1172,0,1789,1172
frame_0330.jpg,1829,1233,34,70,1829,1219,1795,1149,0,1795,1149
frame_0332.jpg,1831,1233,29,67,1831,1218,1802,1151,0,1802,1151
frame_0334.jpg,1830,1233,33,68,1830,1219,1797,1151,0,1797,1151
frame_0336.jpg,1829,1234,34,71,1829,1219,1795,1148,0,1795,1148
frame_0338.jpg,1847,1229,40,61,1843,1214,1803,1153,0,1803,1153
frame_0340.jpg,1849,1230,50,59,1835,1215,1785,1156,0,1785,1156
frame_0342.jpg,1827,1237,35,71,1824,1222,1789,1151,0,1789,1151
frame_0344.jpg,1827,1236,37,71,1821,1221,1784,1150,0,1784,1150
frame_0346.jpg,1827,1236,31,72,1827,1220,1796,1148,0,1796,1148
frame_0348.jpg,1862,1231,74,66,1862,1216,1788,1150,0,1788,1150
frame_0350.jpg,1842,1239,43,71,1837,1219,1794,1148,0,1794,1148
frame_0352.jpg,1844,1241,41,67,1838,1220,1797,1153,0,1797,1153
frame_0354.jpg,1845,1235,54,64,1829,1218,1775,1154,0,1775,1154
frame_0356.jpg,1846,1238,52,64,1831,1220,1779,1156,0,1779,1156
frame_0358.jpg,1843,1241,53,69,1826,1223,1773,1154,0,1773,1154
frame_0360.jpg,1844,1240,54,69,1828,1221,1774,1152,0,1774,1152
frame_0362.jpg,1825,1248,33,78,1821,1226,1788,1148,0,1788,1148
frame_0364.jpg,1825,1248,37,81,1819,1226,1782,1145,0,1782,1145
frame_0366.jpg,1839,1248,39,77,1833,1225,1794,1148,0,1794,1148
frame_0368.jpg,1840,1248,39,78,1834,1227,1795,1149,0,1795,1149
frame_0370.jpg,1840,1245,43,77,1832,1223,1789,1146,0,1789,1146
frame_0372.jpg,1841,1246,40,74,1833,1224,1793,1150,0,1793,1150
frame_0374.jpg,1839,1250,41,81,1832,1225,1791,1144,0,1791,1144
frame_0376.jpg,1820,1254,29,88,1820,1230,1791,1142,0,1791,1142
frame_0378.jpg,1850,1252,36,80,1845,1223,1809,1143,0,1809,1143
frame_0380.jpg,1845,1247,59,66,1845,1224,1786,1158,0,1786,1158
frame_0382.jpg,1825,1261,41,86,1815,1236,1774,1150,0,1774,1150
frame_0384.jpg,1826,1259,31,84,1823,1232,1792,1148,0,1792,1148
frame_0386.jpg,1843,1258,49,76,1833,1224,1784,1148,0,1784,1148
frame_0388.jpg,1808,1273,30,98,1808,1233,1778,1135,0,1778,1135
frame_0390.jpg,1833,1259,49,73,1830,1214,1781,1141,0,1781,1141
frame_0392.jpg,1833,1263,41,71,1833,1217,1792,1146,0,1792,1146
frame_0394.jpg,1834,1260,49,73,1834,1214,1785,1141,0,1785,1141
frame_0396.jpg,1839,1252,41,63,1839,1208,1798,1145,0,1798,1145
frame_0398.jpg,1839,1252,44,65,1839,1207,1795,1142,0,1795,1142
frame_0400.jpg,1851,1263,53,63,1845,1214,1792,1151,0,1792,1151
frame_0402.jpg,1862,1243,68,48,1855,1199,1787,1151,0,1787,1151
frame_0404.jpg,1869,1244,87,60,1854,1202,1767,1142,0,1767,1142
frame_0406.jpg,1886,1256,77,41,1872,1200,1795,1159,0,1795,1159
frame_0408.jpg,1882,1265,69,54,1878,1204,1809,1150,0,1809,1150
frame_0410.jpg,1885,1256,66,43,1882,1200,1816,1157,0,1816,1157
frame_0412.jpg,1885,1252,66,40,1881,1200,1815,1160,0,1815,1160
frame_0414.jpg,1898,1257,85,36,1884,1202,1799,1166,0,1799,1166
frame_0416.jpg,1897,1259,82,34,1882,1203,1800,1169,0,1800,1169
frame_0418.jpg,1898,1257,83,33,1883,1202,1800,1169,0,1800,1169
frame_0420.jpg,1902,1256,90,36,1888,1203,1798,1167,0,1798,1167
frame_0422.jpg,1895,1253,80,33,1885,1201,1805,1168,0,1805,1168
frame_0424.jpg,1889,1253,77,36,1884,1201,1807,1165,0,1807,1165
frame_0426.jpg,1879,1266,79,51,1864,1209,1785,1158,0,1785,1158
frame_0428.jpg,1878,1267,72,54,1869,1209,1797,1155,0,1797,1155
frame_0430.jpg,1884,1261,77,44,1874,1203,1797,1159,0,1797,1159
frame_0432.jpg,1878,1272,72,57,1869,1212,1797,1155,0,1797,1155
frame_0434.jpg,1904,1255,83,31,1892,1199,1809,1168,0,1809,1168
frame_0436.jpg,1905,1252,84,27,1894,1197,1810,1170,0,1810,1170
frame_0438.jpg,1863,1279,60,64,1863,1217,1803,1153,0,1803,1153
frame_0440.jpg,1870,1268,64,51,1870,1209,1806,1158,0,1806,1158
frame_0442.jpg,1869,1269,70,49,1861,1211,1791,1162,0,1791,1162
frame_0444.jpg,1844,1287,58,77,1844,1223,1786,1146,0,1786,1146
frame_0446.jpg,1860,1280,59,65,1856,1219,1797,1154,0,1797,1154
frame_0448.jpg,1864,1276,64,58,1864,1214,1800,1156,0,1800,1156
frame_0450.jpg,1877,1277,67,55,1873,1216,1806,1161,0,1806,1161
frame_0452.jpg,1900,1261,70,31,1897,1207,1827,1176,0,1827,1176
frame_0454.jpg,1897,1267,90,32,1885,1207,1795,1175,0,1795,1175
frame_0456.jpg,1905,1258,87,18,1894,1203,1807,1185,0,1807,1185
frame_0458.jpg,1902,1261,88,22,1890,1204,1802,1182,0,1802,1182
frame_0460.jpg,1891,1273,85,42,1880,1213,1795,1171,0,1795,1171
frame_0462.jpg,1868,1283,76,43,1868,1213,1792,1170,0,1792,1170
frame_0464.jpg,1878,1283,76,36,1875,1216,1799,1180,0,1799,1180
frame_0466.jpg,1884,1280,81,34,1881,1217,1800,1183,0,1800,1183
frame_0468.jpg,1895,1281,96,32,1873,1220,1777,1188,0,1777,1188
frame_0470.jpg,1921,1260,105,16,1891,1201,1786,1185,0,1786,1185
frame_0472.jpg,1903,1268,88,17,1884,1213,1796,1196,0,1796,1196
frame_0474.jpg,1893,1293,87,38,1881,1224,1794,1186,0,1794,1186
frame_0476.jpg,1894,1288,86,33,1886,1219,1800,1186,0,1800,1186
frame_0478.jpg,1892,1295,77,38,1888,1222,1811,1184,0,1811,1184
frame_0480.jpg,1894,1280,88,27,1883,1204,1795,1177,0,1795,1177
frame_0482.jpg,1918,1297,85,40,1907,1224,1822,1184,0,1822,1184
frame_0484.jpg,1902,1295,88,34,1902,1215,1814,1181,0,1814,1181
frame_0486.jpg,1898,1299,84,33,1895,1218,1811,1185,0,1811,1185
frame_0488.jpg,1897,1301,84,34,1891,1220,1807,1186,0,1807,1186
frame_0490.jpg,1897,1304,76,40,1897,1221,1821,1181,0,1821,1181
frame_0492.jpg,1919,1307,83,44,1912,1222,1829,1178,0,1829,1178
frame_0494.jpg,1920,1301,86,40,1913,1216,1827,1176,0,1827,1176
frame_0496.jpg,1926,1294,82,38,1926,1209,1844,1171,0,1844,1171
frame_0498.jpg,1943,1301,79,48,1940,1219,1861,1171,0,1861,1171
frame_0500.jpg,1943,1301,80,48,1939,1219,1859,1171,0,1859,1171
frame_0502.jpg,1906,1310,78,47,1906,1211,1828,1164,0,1828,1164
frame_0504.jpg,1906,1313,69,49,1906,1215,1837,1166,0,1837,1166
frame_0506.jpg,1906,1312,71,48,1906,1214,1835,1166,0,1835,1166
frame_0508.jpg,1906,1314,67,51,1906,1217,1839,1166,0,1839,1166
frame_0510.jpg,1906,1313,67,51,1906,1217,1839,1166,0,1839,1166
frame_0512.jpg,1909,1310,72,46,1909,1213,1837,1167,0,1837,1167
frame_0514.jpg,1940,1300,82,40,1940,1210,1858,1170,0,1858,1170
frame_0516.jpg,1941,1298,85,41,1941,1210,1856,1169,0,1856,1169
frame_0518.jpg,1942,1294,101,38,1926,1208,1825,1170,0,1825,1170
frame_0520.jpg,1941,1297,94,40,1930,1210,1836,1170,0,1836,1170
frame_0522.jpg,1943,1297,94,41,1934,1211,1840,1170,0,1840,1170
frame_0524.jpg,1941,1295,90,40,1933,1208,1843,1168,0,1843,1168
frame_0526.jpg,1941,1295,80,40,1941,1209,1861,1169,0,1861,1169
frame_0528.jpg,1920,1311,74,43,1920,1208,1846,1165,0,1846,1165
frame_0530.jpg,1920,1309,76,41,1920,1206,1844,1165,0,1844,1165
frame_0532.jpg,1922,1300,77,36,1922,1200,1845,1164,0,1845,1164
frame_0534.jpg,1920,1308,71,42,1920,1207,1849,1165,0,1849,1165
frame_0536.jpg,1923,1306,74,42,1923,1206,1849,1164,0,1849,1164
frame_0538.jpg,1947,1305,82,41,1947,1209,1865,1168,0,1865,1168
frame_0540.jpg,1962,1315,88,52,1962,1221,1874,1169,0,1874,1169
frame_0542.jpg,1955,1311,92,41,1955,1209,1863,1168,0,1863,1168
frame_0544.jpg,1958,1312,112,47,1943,1210,1831,1163,0,1831,1163
frame_0546.jpg,1958,1312,112,46,1943,1211,1831,1165,0,1831,1165
frame_0548.jpg,1923,1316,97,40,1923,1200,1826,1160,0,1826,1160
frame_0550.jpg,1926,1318,85,45,1926,1208,1841,1163,0,1841,1163
frame_0552.jpg,1957,1328,102,50,1957,1211,1855,1161,0,1855,1161
frame_0554.jpg,1953,1332,95,51,1953,1215,1858,1164,0,1858,1164
frame_0556.jpg,1953,1331,90,48,1953,1218,1863,1170,0,1863,1170
frame_0558.jpg,1953,1331,103,49,1953,1217,1850,1168,0,1850,1168
frame_0560.jpg,1955,1335,105,53,1955,1221,1850,1168,0,1850,1168
frame_0562.jpg,1911,1337,85,40,1911,1206,1826,1166,0,1826,1166
frame_0564.jpg,1915,1329,94,34,1915,1200,1821,1166,0,1821,1166
frame_0566.jpg,1911,1336,82,36,1911,1207,1829,1171,0,1829,1171
frame_0568.jpg,1939,1337,103,38,1939,1207,1836,1169,0,1836,1169
frame_0570.jpg,1937,1347,93,47,1937,1217,1844,1170,0,1844,1170
frame_0572.jpg,1938,1343,93,40,1938,1217,1845,1177,0,1845,1177
frame_0574.jpg,1965,1353,122,52,1965,1225,1843,1173,0,1843,1173
frame_0576.jpg,1964,1349,126,45,1964,1220,1838,1175,0,1838,1175
frame_0578.jpg,1967,1355,119,57,1967,1229,1848,1172,0,1848,1172
frame_0580.jpg,1960,1354,120,48,1960,1222,1840,1174,0,1840,1174
frame_0582.jpg,1960,1354,121,47,1960,1223,1839,1176,0,1839,1176
frame_0584.jpg,1903,1356,86,17,1903,1200,1817,1183,0,1817,1183
frame_0586.jpg,1906,1358,103,18,1906,1198,1803,1180,0,1803,1180
frame_0588.jpg,1916,1352,92,14,1916,1203,1824,1189,0,1824,1189
frame_0590.jpg,1919,1355,94,15,1919,1202,1825,1187,0,1825,1187
frame_0592.jpg,1922,1359,90,13,1922,1202,1832,1189,0,1832,1189
frame_0594.jpg,1919,1355,92,16,1919,1200,1827,1184,0,1827,1184
frame_0596.jpg,1918,1360,119,5,1902,1203,1783,1198,0,1783,1198
frame_0598.jpg,1925,1355,117,9,1915,1205,1798,1196,0,1798,1196
frame_0600.jpg,1925,1355,116,10,1915,1205,1799,1195,0,1799,1195
frame_0602.jpg,1961,1374,150,24,1954,1220,1804,1196,0,1804,1196
frame_0604.jpg,1961,1374,150,24,1954,1220,1804,1196,0,1804,1196
frame_0606.jpg,1962,1376,151,26,1955,1222,1804,1196,0,1804,1196
frame_0608.jpg,1962,1376,151,26,1954,1222,1803,1196,0,1803,1196
frame_0610.jpg,1964,1385,148,37,1957,1233,1809,1196,0,1809,1196
frame_0612.jpg,1961,1376,148,25,1958,1219,1810,1194,0,1810,1194
frame_0614.jpg,1957,1380,148,24,1957,1214,1809,1190,0,1809,1190
frame_0616.jpg,1956,1374,147,19,1956,1212,1809,1193,0,1809,1193
frame_0618.jpg,1959,1377,139,30,1959,1216,1820,1186,0,1820,1186
frame_0620.jpg,1978,1392,133,52,1978,1229,1845,1177,0,1845,1177
frame_0622.jpg,1985,1382,140,46,1985,1224,1845,1178,0,1845,1178
frame_0624.jpg,1975,1386,134,43,1975,1217,1841,1174,0,1841,1174
frame_0626.jpg,1981,1388,135,49,1981,1224,1846,1175,0,1846,1175
frame_0628.jpg,1982,1386,137,47,1982,1227,1845,1180,0,1845,1180
frame_0630.jpg,1975,1388,136,45,1975,1219,1839,1174,0,1839,1174
frame_0632.jpg,1979,1388,140,48,1979,1219,1839,1171,0,1839,1171
frame_0634.jpg,1979,1388,134,49,1979,1217,1845,1168,0,1845,1168
frame_0636.jpg,1979,1388,135,48,1979,1219,1844,1171,0,1844,1171
frame_0638.jpg,1979,1388,136,49,1979,1218,1843,1169,0,1843,1169
frame_0640.jpg,2013,1410,147,74,2013,1236,1866,1162,0,1866,1162
frame_0642.jpg,2016,1415,141,87,2016,1246,1875,1159,0,1875,1159
frame_0644.jpg,2016,1415,140,88,2016,1246,1876,1158,0,1876,1158
frame_0646.jpg,2016,1415,155,84,2003,1249,1848,1165,0,1848,1165
frame_0648.jpg,2014,1408,149,64,1998,1230,1849,1166,0,1849,1166
frame_0650.jpg,2014,1408,149,68,1998,1227,1849,1159,0,1849,1159
frame_0652.jpg,2024,1418,170,49,2007,1219,1837,1170,0,1837,1170
frame_0654.jpg,2024,1418,171,50,2006,1218,1835,1168,0,1835,1168
frame_0656.jpg,2008,1449,172,56,2008,1201,1836,1145,0,1836,1145
frame_0658.jpg,2006,1452,170,52,2006,1208,1836,1156,0,1836,1156
frame_0660.jpg,2012,1448,169,65,2012,1215,1843,1150,0,1843,1150
frame_0662.jpg,2010,1452,167,62,2010,1214,1843,1152,0,1843,1152
frame_0664.jpg,2003,1451,157,77,2003,1221,1846,1144,0,1846,1144
frame_0666.jpg,2007,1447,164,74,2007,1222,1843,1148,0,1843,1148
frame_0668.jpg,2007,1450,165,73,2007,1227,1842,1154,0,1842,1154
frame_0670.jpg,2007,1448,165,78,2007,1219,1842,1141,0,1842,1141
frame_0672.jpg,2007,1449,163,83,2007,1222,1844,1139,0,1844,1139
frame_0674.jpg,2007,1449,164,80,2007,1222,1843,1142,0,1843,1142
frame_0676.jpg,2005,1450,162,76,2005,1227,1843,1151,0,1843,1151
frame_0678.jpg,2008,1452,157,89,2008,1226,1851,1137,0,1851,1137
frame_0680.jpg,2015,1456,156,102,2012,1235,1856,1133,0,1856,1133
frame_0682.jpg,2003,1444,144,112,2003,1244,1859,1132,0,1859,1132
frame_0684.jpg,1998,1450,135,113,1998,1244,1863,1131,0,1863,1131
frame_0686.jpg,1999,1447,138,109,1999,1240,1861,1131,0,1861,1131
frame_0688.jpg,1999,1446,135,113,1999,1243,1864,1130,0,1864,1130
frame_0690.jpg,2001,1436,117,79,2001,1252,1884,1173,0,1884,1173
frame_0692.jpg,2010,1445,155,63,2010,1258,1855,1195,0,1855,1195
frame_0694.jpg,2002,1441,130,86,2002,1277,1872,1191,0,1872,1191
frame_0696.jpg,2003,1436,128,85,2003,1275,1875,1190,0,1875,1190
frame_0698.jpg,2003,1436,130,82,2003,1272,1873,1190,0,1873,1190
frame_0700.jpg,2003,1435,130,83,2003,1273,1873,1190,0,1873,1190
frame_0702.jpg,2002,1437,126,91,2002,1272,1876,1181,0,1876,1181
frame_0704.jpg,2004,1434,135,84,2001,1271,1866,1187,0,1866,1187
frame_0706.jpg,2003,1439,130,93,1999,1275,1869,1182,0,1869,1182
frame_0708.jpg,2004,1434,133,88,2000,1273,1867,1185,0,1867,1185
frame_0710.jpg,2009,1437,135,81,2005,1264,1870,1183,0,1870,1183
frame_0712.jpg,2011,1443,125,85,2007,1266,1882,1181,0,1882,1181
frame_0714.jpg,2021,1431,134,79,2015,1257,1881,1178,0,1881,1178
frame_0716.jpg,2021,1433,132,81,2017,1254,1885,1173,0,1885,1173
frame_0718.jpg,2035,1431,148,66,2027,1246,1879,1180,0,1879,1180
frame_0720.jpg,2032,1434,134,78,2032,1242,1898,1164,0,1898,1164
frame_0722.jpg,2036,1430,138,74,2036,1241,1898,1167,0,1898,1167
frame_0724.jpg,2046,1410,147,54,2041,1222,1894,1168,0,1894,1168
frame_0726.jpg,2064,1440,161,72,2055,1244,1894,1172,0,1894,1172
frame_0728.jpg,2062,1438,160,69,2053,1240,1893,1171,0,1893,1171
frame_0730.jpg,2063,1441,163,67,2055,1240,1892,1173,0,1892,1173
frame_0732.jpg,2061,1445,156,74,2052,1246,1896,1172,0,1896,1172
frame_0734.jpg,2059,1431,143,82,2049,1252,1906,1170,0,1906,1170
frame_0736.jpg,2056,1433,144,73,2044,1261,1900,1188,0,1900,1188
frame_0738.jpg,2060,1429,144,82,2049,1259,1905,1177,0,1905,1177
frame_0740.jpg,2057,1431,142,81,2045,1262,1903,1181,0,1903,1181
frame_0742.jpg,2059,1428,141,80,2048,1257,1907,1177,0,1907,1177
frame_0744.jpg,2081,1436,158,61,2072,1255,1914,1194,0,1914,1194
frame_0746.jpg,2082,1436,158,61,2074,1255,1916,1194,0,1916,1194
frame_0748.jpg,2084,1436,160,63,2075,1257,1915,1194,0,1915,1194
frame_0750.jpg,2085,1441,157,66,2076,1262,1919,1196,0,1919,1196
frame_0752.jpg,2068,1424,131,85,2060,1261,1929,1176,0,1929,1176
frame_0754.jpg,2072,1425,134,90,2063,1260,1929,1170,0,1929,1170
frame_0756.jpg,2070,1427,135,85,2062,1258,1927,1173,0,1927,1173
frame_0758.jpg,2074,1520,133,124,2067,1320,1934,1196,0,1934,1196
frame_0760.jpg,2065,1417,117,70,2056,1258,1939,1188,0,1939,1188
frame_0762.jpg,2085,1419,130,81,2074,1261,1944,1180,0,1944,1180
frame_0764.jpg,2065,1426,118,87,2057,1261,1939,1174,0,1939,1174
frame_0766.jpg,2086,1409,113,98,2072,1272,1959,1174,0,1959,1174
frame_0768.jpg,2077,1423,128,89,2065,1254,1937,1165,0,1937,1165
frame_0770.jpg,2085,1422,125,96,2074,1260,1949,1164,0,1949,1164
frame_0772.jpg,2076,1425,129,81,2064,1261,1935,1180,0,1935,1180
frame_0774.jpg,2075,1428,127,81,2065,1263,1938,1182,0,1938,1182
frame_0776.jpg,2091,1412,124,70,2080,1266,1956,1196,0,1956,1196
frame_0778.jpg,2084,1430,138,60,2077,1256,1939,1196,0,1939,1196
frame_0780.jpg,2088,1440,127,55,2084,1251,1957,1196,0,1957,1196
frame_0782.jpg,2085,1414,118,57,2081,1253,1963,1196,0,1963,1196
frame_0784.jpg,2080,1423,127,48,2077,1244,1950,1196,0,1950,1196
frame_0786.jpg,2098,1422,135,58,2091,1254,1956,1196,0,1956,1196
frame_0788.jpg,2085,1429,132,50,2080,1246,1948,1196,0,1948,1196
frame_0790.jpg,2095,1422,124,73,2095,1269,1971,1196,0,1971,1196
frame_0792.jpg,2098,1424,125,74,2098,1270,1973,1196,0,1973,1196
frame_0794.jpg,2096,1423,106,71,2096,1267,1990,1196,0,1990,1196
frame_0796.jpg,2094,1424,133,62,2087,1258,1954,1196,0,1954,1196
frame_0798.jpg,2097,1410,121,60,2088,1256,1967,1196,0,1967,1196
frame_0800.jpg,2095,1434,145,50,2087,1246,1942,1196,0,1942,1196
frame_0802.jpg,2094,1436,147,51,2081,1247,1934,1196,0,1934,1196
frame_0804.jpg,2108,1426,151,55,2096,1251,1945,1196,0,1945,1196
frame_0806.jpg,2101,1430,147,51,2089,1247,1942,1196,0,1942,1196
frame_0808.jpg,2115,1432,160,41,2096,1237,1936,1196,0,1936,1196
frame_0810.jpg,2132,1438,156,67,2109,1263,1953,1196,0,1953,1196
frame_0812.jpg,2144,1429,151,67,2128,1263,1977,1196,0,1977,1196
frame_0814.jpg,2141,1436,144,70,2125,1266,1981,1196,0,1981,1196
frame_0816.jpg,2123,1426,133,75,2110,1271,1977,1196,0,1977,1196
frame_0818.jpg,2114,1433,131,71,2102,1267,1971,1196,0,1971,1196
frame_0820.jpg,2115,1427,130,72,2103,1267,1973,1195,0,1973,1195
frame_0822.jpg,2134,1418,130,68,2119,1264,1989,1196,0,1989,1196
frame_0824.jpg,2104,1444,142,56,2101,1252,1959,1196,0,1959,1196
frame_0826.jpg,2111,1447,149,57,2108,1253,1959,1196,0,1959,1196
frame_0828.jpg,2107,1449,145,57,2104,1253,1959,1196,0,1959,1196
frame_0830.jpg,2107,1449,145,56,2104,1252,1959,1196,0,1959,1196
frame_0832.jpg,2119,1441,148,61,2116,1257,1968,1196,0,1968,1196
frame_0834.jpg,2108,1448,140,68,2108,1264,1968,1196,0,1968,1196
frame_0836.jpg,2122,1431,144,60,2118,1256,1974,1196,0,1974,1196
frame_0838.jpg,2104,1459,128,66,2104,1262,1976,1196,0,1976,1196
frame_0840.jpg,2113,1405,126,58,2107,1254,1981,1196,0,1981,1196
frame_0842.jpg,2111,1436,127,57,2108,1253,1981,1196,0,1981,1196
frame_0844.jpg,2111,1440,127,58,2108,1254,1981,1196,0,1981,1196
frame_0846.jpg,2113,1441,130,57,2110,1253,1980,1196,0,1980,1196
frame_0848.jpg,2120,1432,127,62,2117,1258,1990,1196,0,1990,1196
frame_0850.jpg,2118,1433,123,63,2118,1259,1995,1196,0,1995,1196
frame_0852.jpg,2113,1442,129,57,2113,1253,1984,1196,0,1984,1196
frame_0854.jpg,2118,1430,121,60,2118,1256,1997,1196,0,1997,1196
frame_0856.jpg,2103,1429,112,52,2103,1248,1991,1196,0,1991,1196
frame_0858.jpg,2115,1420,110,56,2115,1252,2005,1196,0,2005,1196
frame_0860.jpg,2127,1420,117,56,2123,1252,2006,1196,0,2006,1196
frame_0862.jpg,2125,1421,122,42,2120,1238,1998,1196,0,1998,1196
frame_0864.jpg,2129,1425,120,49,2124,1245,2004,1196,0,2004,1196
frame_0866.jpg,2118,1424,114,61,2118,1257,2004,1196,0,2004,1196
frame_0868.jpg,2110,1412,97,57,2110,1253,2013,1196,0,2013,1196
frame_0870.jpg,2118,1424,115,50,2118,1246,2003,1196,0,2003,1196
frame_0872.jpg,2110,1415,95,51,2107,1247,2012,1196,0,2012,1196
frame_0874.jpg,2137,1420,112,52,2134,1248,2022,1196,0,2022,1196
frame_0876.jpg,2138,1433,121,30,2138,1226,2017,1196,0,2017,1196
frame_0878.jpg,2132,1431,111,37,2132,1233,2021,1196,0,2021,1196
frame_0880.jpg,2135,1430,112,44,2135,1240,2023,1196,0,2023,1196
frame_0882.jpg,2139,1432,118,34,2139,1230,2021,1196,0,2021,1196
frame_0884.jpg,2135,1432,113,35,2135,1231,2022,1196,0,2022,1196
frame_0886.jpg,2139,1424,108,45,2139,1241,2031,1196,0,2031,1196
frame_0888.jpg,2135,1428,111,43,2135,1239,2024,1196,0,2024,1196
frame_0890.jpg,2135,1428,112,45,2135,1241,2023,1196,0,2023,1196
frame_0892.jpg,2126,1426,95,51,2126,1245,2031,1194,0,2031,1194
frame_0894.jpg,2143,1417,106,43,2143,1225,2037,1182,0,2037,1182
frame_0896.jpg,2134,1431,103,48,2131,1244,2028,1196,0,2028,1196
frame_0898.jpg,2131,1426,98,42,2131,1238,2033,1196,0,2033,1196
frame_0900.jpg,2135,1432,100,44,2135,1240,2035,1196,0,2035,1196
frame_0902.jpg,2146,1428,104,42,2146,1238,2042,1196,0,2042,1196
frame_0904.jpg,2120,1404,70,40,2120,1236,2050,1196,0,2050,1196
frame_0906.jpg,2191,1405,129,40,2183,1235,2054,1195,0,2054,1195
frame_0908.jpg,2191,1405,130,38,2183,1234,2053,1196,0,2053,1196
frame_0910.jpg,2185,1425,123,31,2180,1225,2057,1194,0,2057,1194
frame_0912.jpg,2191,1425,126,31,2191,1227,2065,1196,0,2065,1196
frame_0914.jpg,2190,1418,115,40,2186,1226,2071,1186,0,2071,1186
frame_0916.jpg,2193,1422,119,42,2186,1226,2067,1184,0,2067,1184
frame_0918.jpg,2190,1419,110,40,2190,1232,2080,1192,0,2080,1192
frame_0920.jpg,2188,1420,119,39,2181,1218,2062,1179,0,2062,1179
frame_0922.jpg,2205,1430,137,38,2199,1217,2062,1179,0,2062,1179
frame_0924.jpg,2197,1427,128,38,2191,1215,2063,1177,0,2063,1177
frame_0926.jpg,2211,1434,141,38,2206,1219,2065,1181,0,2065,1181
frame_0928.jpg,2204,1425,133,38,2195,1219,2062,1181,0,2062,1181
frame_0930.jpg,2198,1426,126,36,2192,1220,2066,1184,0,2066,1184
frame_0932.jpg,2186,1417,106,49,2179,1225,2073,1176,0,2073,1176
frame_0934.jpg,2190,1444,103,58,2178,1254,2075,1196,0,2075,1196
frame_0936.jpg,2191,1439,98,66,2179,1262,2081,1196,0,2081,1196
frame_0938.jpg,2203,1443,110,68,2189,1264,2079,1196,0,2079,1196
frame_0940.jpg,2196,1442,107,73,2183,1269,2076,1196,0,2076,1196
frame_0942.jpg,2197,1436,103,77,2184,1273,2081,1196,0,2081,1196
frame_0944.jpg,2202,1451,113,75,2191,1271,2078,1196,0,2078,1196
frame_0946.jpg,2201,1438,106,76,2189,1272,2083,1196,0,2083,1196
frame_0948.jpg,2195,1447,101,68,2189,1264,2088,1196,0,2088,1196
frame_0950.jpg,2200,1440,101,78,2194,1274,2093,1196,0,2093,1196
frame_0952.jpg,2199,1439,103,65,2190,1261,2087,1196,0,2087,1196
frame_0954.jpg,2199,1440,103,73,2191,1269,2088,1196,0,2088,1196
frame_0956.jpg,2207,1449,112,74,2200,1269,2088,1195,0,2088,1195
frame_0958.jpg,2199,1439,101,73,2191,1269,2090,1196,0,2090,1196
frame_0960.jpg,2204,1447,109,71,2197,1267,2088,1196,0,2088,1196
frame_0962.jpg,2192,1436,94,76,2183,1271,2089,1195,0,2089,1195
frame_0964.jpg,2202,1438,103,71,2194,1267,2091,1196,0,2091,1196
frame_0966.jpg,2215,1454,124,67,2206,1263,2082,1196,0,2082,1196
frame_0968.jpg,2193,1454,94,77,2183,1273,2089,1196,0,2089,1196
frame_0970.jpg,2215,1449,110,80,2205,1276,2095,1196,0,2095,1196
frame_0972.jpg,2214,1447,111,79,2204,1274,2093,1195,0,2093,1195
frame_0974.jpg,2214,1447,111,77,2204,1273,2093,1196,0,2093,1196
frame_0976.jpg,2211,1445,108,78,2201,1273,2093,1195,0,2093,1195
frame_0978.jpg,2193,1407,86,78,2175,1274,2089,1196,0,2089,1196
frame_0980.jpg,2226,1447,114,75,2218,1268,2104,1193,0,2104,1193
frame_0982.jpg,2213,1447,95,60,2213,1256,2118,1196,0,2118,1196
frame_0984.jpg,2227,1432,81,91,2220,1287,2139,1196,0,2139,1196
frame_0986.jpg,2258,1416,121,73,2248,1269,2127,1196,0,2127,1196
frame_0988.jpg,2259,1452,119,76,2250,1272,2131,1196,0,2131,1196
frame_0990.jpg,2255,1442,112,77,2244,1270,2132,1193,0,2132,1193
frame_0992.jpg,2264,1446,119,77,2254,1272,2135,1195,0,2135,1195
frame_0994.jpg,2263,1447,121,74,2253,1269,2132,1195,0,2132,1195
frame_0996.jpg,2268,1450,126,75,2257,1271,2131,1196,0,2131,1196
frame_0998.jpg,2268,1450,125,74,2257,1265,2132,1191,0,2132,1191
frame_1000.jpg,2257,1453,110,58,2257,1250,2147,1192,0,2147,1192
frame_1002.jpg,2259,1450,109,61,2259,1252,2150,1191,0,2150,1191
frame_1004.jpg,2236,1436,75,77,2229,1270,2154,1193,0,2154,1193
frame_1006.jpg,2274,1455,113,72,2274,1263,2161,1191,0,2161,1191
frame_1008.jpg,2252,1453,103,67,2252,1259,2149,1192,0,2149,1192
frame_1010.jpg,2267,1451,108,70,2267,1266,2159,1196,0,2159,1196
frame_1012.jpg,2269,1447,107,68,2269,1260,2162,1192,0,2162,1192
frame_1014.jpg,2269,1447,106,69,2269,1261,2163,1192,0,2163,1192
frame_1016.jpg,2275,1436,115,54,2275,1247,2160,1193,0,2160,1193
frame_1018.jpg,2249,1434,100,49,2249,1241,2149,1192,0,2149,1192
frame_1020.jpg,2271,1444,111,52,2271,1247,2160,1195,0,2160,1195
frame_1022.jpg,2282,1437,119,47,2282,1239,2163,1192,0,2163,1192
frame_1024.jpg,2282,1437,118,49,2282,1245,2164,1196,0,2164,1196
frame_1026.jpg,2269,1441,106,54,2269,1250,2163,1196,0,2163,1196
frame_1028.jpg,2251,1434,128,44,2224,1214,2096,1170,0,2096,1170
frame_1030.jpg,2237,1427,89,36,2237,1231,2148,1195,0,2148,1195
frame_1032.jpg,2252,1428,98,46,2252,1225,2154,1179,0,2154,1179
frame_1034.jpg,2248,1428,101,51,2248,1218,2147,1167,0,2147,1167
frame_1036.jpg,2246,1455,98,48,2246,1240,2148,1192,0,2148,1192
frame_1038.jpg,2221,1421,74,50,2221,1233,2147,1183,0,2147,1183
frame_1040.jpg,2224,1419,72,51,2207,1241,2135,1190,0,2135,1190
frame_1042.jpg,2231,1420,76,49,2231,1231,2155,1182,0,2155,1182
frame_1044.jpg,2268,1432,115,39,2268,1223,2153,1184,0,2153,1184
frame_1046.jpg,2246,1419,83,41,2246,1236,2163,1195,0,2163,1195
frame_1048.jpg,2242,1422,92,38,2242,1222,2150,1184,0,2150,1184
frame_1050.jpg,2247,1432,96,37,2247,1226,2151,1189,0,2151,1189
frame_1052.jpg,2254,1413,102,39,2251,1218,2149,1179,0,2149,1179
frame_1054.jpg,2230,1416,80,37,2230,1226,2150,1189,0,2150,1189
frame_1056.jpg,2273,1422,118,38,2268,1224,2150,1186,0,2150,1186
frame_1058.jpg,2264,1410,106,44,2264,1221,2158,1177,0,2158,1177
frame_1060.jpg,2241,1428,86,43,2241,1212,2155,1169,0,2155,1169
frame_1062.jpg,2250,1427,92,45,2250,1219,2158,1174,0,2158,1174
frame_1064.jpg,2261,1405,98,49,2261,1212,2163,1163,0,2163,1163
frame_1066.jpg,2222,1406,66,39,2222,1223,2156,1184,0,2156,1184
frame_1068.jpg,2230,1411,75,37,2230,1221,2155,1184,0,2155,1184
frame_1070.jpg,2241,1409,81,48,2241,1228,2160,1180,0,2160,1180
frame_1072.jpg,2239,1415,78,49,2239,1226,2161,1177,0,2161,1177
frame_1074.jpg,2215,1412,62,56,2215,1221,2153,1165,0,2153,1165
frame_1076.jpg,2216,1419,61,53,2216,1222,2155,1169,0,2155,1169
frame_1078.jpg,2253,1424,97,56,2253,1216,2156,1160,0,2156,1160
frame_1080.jpg,2236,1415,83,55,2236,1221,2153,1166,0,2153,1166
frame_1082.jpg,2203,1412,49,67,2203,1234,2154,1167,0,2154,1167
frame_1084.jpg,2206,1390,51,62,2193,1222,2142,1160,0,2142,1160
frame_1086.jpg,2162,1391,29,52,2162,1215,2133,1163,0,2133,1163
frame_1088.jpg,2205,1420,62,52,2190,1220,2128,1168,0,2128,1168
frame_1090.jpg,2195,1416,53,48,2188,1218,2135,1170,0,2135,1170
frame_1092.jpg,2214,1394,60,51,2214,1218,2154,1167,0,2154,1167
frame_1094.jpg,2190,1398,55,42,2190,1202,2135,1160,0,2135,1160
frame_1096.jpg,2189,1391,45,44,2189,1201,2144,1157,0,2144,1157
frame_1098.jpg,2287,1429,97,82,2263,1251,2166,1169,0,2166,1169
frame_1100.jpg,2249,1408,57,76,2230,1234,2173,1158,0,2173,1158
frame_1102.jpg,2233,1387,39,76,2207,1225,2168,1149,0,2168,1149
frame_1104.jpg,2218,1391,41,68,2194,1209,2153,1141,0,2153,1141
frame_1106.jpg,2276,1400,79,76,2260,1228,2181,1152,0,2181,1152
frame_1108.jpg,2201,1373,23,69,2187,1216,2164,1147,0,2164,1147
frame_1110.jpg,2203,1377,38,63,2191,1211,2153,1148,0,2153,1148
frame_1112.jpg,2204,1378,38,63,2179,1210,2141,1147,0,2141,1147
frame_1114.jpg,2182,1368,21,58,2174,1208,2153,1150,0,2153,1150
frame_1116.jpg,2178,1372,25,49,2149,1202,2124,1153,0,2124,1153
frame_1118.jpg,2190,1374,33,49,2190,1212,2157,1163,0,2157,1163
frame_1120.jpg,2227,1371,55,56,2218,1223,2163,1167,0,2163,1167
frame_1122.jpg,2237,1369,60,57,2227,1221,2167,1164,0,2167,1164
frame_1124.jpg,2181,1377,37,51,2168,1188,2131,1137,0,2131,1137
frame_1126.jpg,2190,1335,16,66,2183,1209,2167,1143,0,2167,1143
frame_1128.jpg,2160,1340,0,57,2151,1211,2151,1154,0,2151,1154
frame_1130.jpg,2183,1381,39,43,2183,1213,2144,1170,0,2144,1170
frame_1132.jpg,2206,1365,43,43,2178,1227,2135,1184,0,2135,1184
frame_1134.jpg,2178,1362,29,41,2178,1221,2149,1180,0,2149,1180
frame_1136.jpg,2188,1414,73,22,2188,1208,2115,1186,0,2115,1186
frame_1138.jpg,2188,1414,73,22,2188,1208,2115,1186,0,2115,1186
frame_1140.jpg,2192,1412,66,38,2165,1209,2099,1171,0,2099,1171
frame_1142.jpg,2181,1399,69,41,2144,1208,2075,1167,0,2075,1167
frame_1144.jpg,2198,1395,77,40,2180,1209,2103,1169,0,2103,1169
frame_1146.jpg,2188,1397,74,39,2163,1214,2089,1175,0,2089,1175
frame_1148.jpg,2184,1395,67,46,2156,1206,2089,1160,0,2089,1160
frame_1150.jpg,2203,1404,81,51,2176,1210,2095,1159,0,2095,1159
frame_1152.jpg,2293,1387,144,51,2233,1208,2089,1157,0,2089,1157
frame_1154.jpg,2251,1394,100,58,2210,1204,2110,1146,0,2110,1146
frame_1156.jpg,2249,1394,70,60,2249,1202,2179,1142,0,2179,1142
frame_1158.jpg,2223,1396,69,56,2208,1209,2139,1153,0,2139,1153
frame_1160.jpg,2209,1402,71,55,2194,1208,2123,1153,0,2123,1153
frame_1162.jpg,2195,1404,62,55,2180,1200,2118,1145,0,2118,1145
frame_1164.jpg,2224,1409,80,54,2206,1202,2126,1148,0,2126,1148
frame_1166.jpg,2220,1423,119,49,2206,1207,2087,1158,0,2087,1158
frame_1168.jpg,2194,1402,83,55,2194,1200,2111,1145,0,2111,1145
frame_1170.jpg,2189,1403,81,56,2176,1198,2095,1142,0,2095,1142
frame_1172.jpg,2168,1396,56,55,2168,1196,2112,1141,0,2112,1141
frame_1174.jpg,2188,1419,84,56,2181,1198,2097,1142,0,2097,1142
frame_1176.jpg,2183,1390,61,56,2169,1196,2108,1140,0,2108,1140
frame_1178.jpg,2211,1402,85,57,2196,1192,2111,1135,0,2111,1135
frame_1180.jpg,2191,1399,70,59,2172,1195,2102,1136,0,2102,1136
frame_1182.jpg,2231,1393,91,55,2200,1192,2109,1137,0,2109,1137
frame_1184.jpg,2244,1401,103,56,2226,1190,2123,1134,0,2123,1134
frame_1186.jpg,2195,1396,73,58,2177,1195,2104,1137,0,2104,1137
frame_1188.jpg,2202,1400,85,59,2192,1195,2107,1136,0,2107,1136
frame_1190.jpg,2181,1399,79,62,2168,1187,2089,1125,0,2089,1125
frame_1192.jpg,2167,1405,79,66,2167,1181,2088,1115,0,2088,1115
frame_1194.jpg,2183,1390,70,62,2183,1190,2113,1128,0,2113,1128
frame_1196.jpg,2220,1376,70,64,2204,1193,2134,1129,0,2134,1129
frame_1198.jpg,2202,1411,91,68,2184,1193,2093,1125,0,2093,1125
frame_1200.jpg,2215,1418,97,70,2215,1197,2118,1127,0,2118,1127
frame_1202.jpg,2198,1412,95,73,2198,1194,2103,1121,0,2103,1121
frame_1204.jpg,2197,1411,97,73,2197,1193,2100,1120,0,2100,1120
frame_1206.jpg,2182,1411,88,76,2174,1186,2086,1110,0,2086,1110
frame_1208.jpg,2213,1417,115,78,2195,1195,2080,1117,0,2080,1117
frame_1210.jpg,2225,1411,119,75,2211,1198,2092,1123,0,2092,1123
frame_1212.jpg,2231,1416,118,80,2231,1192,2113,1112,0,2113,1112
frame_1214.jpg,2210,1414,96,79,2210,1183,2114,1104,0,2114,1104
frame_1216.jpg,2207,1413,93,80,2207,1195,2114,1115,0,2114,1115
frame_1218.jpg,2190,1419,97,80,2181,1194,2084,1114,0,2084,1114
frame_1220.jpg,2191,1429,107,79,2191,1197,2084,1118,0,2084,1118
frame_1222.jpg,2211,1449,139,85,2211,1197,2072,1112,0,2072,1112
frame_1224.jpg,2158,1437,92,84,2150,1200,2058,1116,0,2058,1116
frame_1226.jpg,2160,1423,87,84,2160,1196,2073,1112,0,2073,1112
frame_1228.jpg,2150,1434,83,84,2150,1197,2067,1113,0,2067,1113
frame_1230.jpg,2169,1422,90,81,2169,1202,2079,1121,0,2079,1121
frame_1232.jpg,2200,1427,113,71,2200,1203,2087,1132,0,2087,1132
frame_1234.jpg,2200,1417,112,71,2193,1197,2081,1126,0,2081,1126
frame_1236.jpg,2192,1410,97,65,2192,1197,2095,1132,0,2095,1132
frame_1238.jpg,2191,1407,99,65,2191,1193,2092,1128,0,2092,1128
frame_1240.jpg,2195,1405,97,64,2195,1200,2098,1136,0,2098,1136
frame_1242.jpg,2130,1407,41,54,2130,1199,2089,1145,0,2089,1145
frame_1244.jpg,2192,1388,96,56,2192,1192,2096,1136,0,2096,1136
frame_1246.jpg,2167,1389,91,55,2167,1193,2076,1138,0,2076,1138
frame_1248.jpg,2168,1394,100,58,2168,1192,2068,1134,0,2068,1134
frame_1250.jpg,2163,1388,92,55,2163,1193,2071,1138,0,2071,1138
frame_1252.jpg,2176,1398,103,52,2176,1196,2073,1144,0,2073,1144
frame_1254.jpg,2183,1389,108,55,2183,1196,2075,1141,0,2075,1141
frame_1256.jpg,2177,1390,89,54,2177,1201,2088,1147,0,2088,1147
frame_1258.jpg,2163,1387,88,52,2163,1203,2075,1151,0,2075,1151
frame_1260.jpg,2163,1387,92,50,2163,1201,2071,1151,0,2071,1151
frame_1262.jpg,2178,1391,98,55,2178,1204,2080,1149,0,2080,1149
frame_1264.jpg,2178,1390,96,55,2178,1207,2082,1152,0,2082,1152
frame_1266.jpg,2181,1388,81,58,2181,1213,2100,1155,0,2100,1155
frame_1268.jpg,2161,1413,62,60,2161,1216,2099,1156,0,2099,1156
frame_1270.jpg,2193,1392,93,61,2193,1215,2100,1154,0,2100,1154
frame_1272.jpg,2174,1389,94,60,2167,1215,2073,1155,0,2073,1155
frame_1274.jpg,2173,1390,86,62,2173,1212,2087,1150,0,2087,1150
frame_1276.jpg,2175,1379,93,56,2175,1203,2082,1147,0,2082,1147
frame_1278.jpg,2172,1382,91,56,2169,1207,2078,1151,0,2078,1151
frame_1280.jpg,2169,1377,87,57,2169,1211,2082,1154,0,2082,1154
frame_1282.jpg,2175,1379,91,56,2175,1210,2084,1154,0,2084,1154
frame_1284.jpg,2186,1390,103,55,2186,1205,2083,1150,0,2083,1150
frame_1286.jpg,2182,1386,97,56,2182,1207,2085,1151,0,2085,1151
frame_1288.jpg,2168,1377,86,58,2168,1200,2082,1142,0,2082,1142
frame_1290.jpg,2166,1390,103,56,2166,1203,2063,1147,0,2063,1147
frame_1292.jpg,2178,1377,98,58,2168,1206,2070,1148,0,2070,1148
frame_1294.jpg,2179,1377,105,60,2165,1208,2060,1148,0,2060,1148
frame_1296.jpg,2144,1372,84,55,2144,1208,2060,1153,0,2060,1153
frame_1298.jpg,2149,1376,87,55,2149,1206,2062,1151,0,2062,1151
frame_1300.jpg,2143,1372,81,57,2143,1209,2062,1152,0,2062,1152
frame_1302.jpg,2144,1373,80,57,2144,1205,2064,1148,0,2064,1148
frame_1304.jpg,2144,1373,85,57,2144,1205,2059,1148,0,2059,1148
frame_1306.jpg,2145,1366,81,63,2145,1208,2064,1145,0,2064,1145
frame_1308.jpg,2153,1372,87,60,2153,1213,2066,1153,0,2066,1153
frame_1310.jpg,2149,1370,78,58,2149,1213,2071,1155,0,2071,1155
frame_1312.jpg,2145,1352,62,61,2140,1214,2078,1153,0,2078,1153
frame_1314.jpg,2154,1363,78,57,2150,1215,2072,1158,0,2072,1158
frame_1316.jpg,2163,1363,82,59,2158,1218,2076,1159,0,2076,1159
frame_1318.jpg,2157,1361,83,57,2148,1211,2065,1154,0,2065,1154
frame_1320.jpg,2159,1365,92,55,2148,1210,2056,1155,0,2056,1155
frame_1322.jpg,2155,1361,84,56,2145,1216,2061,1160,0,2061,1160
frame_1324.jpg,2155,1361,80,56,2149,1214,2069,1158,0,2069,1158
frame_1326.jpg,2119,1365,62,62,2119,1224,2057,1162,0,2057,1162
frame_1328.jpg,2131,1355,62,60,2131,1217,2069,1157,0,2069,1157
frame_1330.jpg,2148,1358,74,61,2148,1222,2074,1161,0,2074,1161
frame_1332.jpg,2143,1357,73,59,2140,1214,2067,1155,0,2067,1155
frame_1334.jpg,2164,1360,68,60,2157,1227,2089,1167,0,2089,1167
frame_1336.jpg,2146,1351,62,63,2146,1228,2084,1165,0,2084,1165
frame_1338.jpg,2142,1350,60,64,2138,1228,2078,1164,0,2078,1164
frame_1340.jpg,2148,1348,59,65,2143,1231,2084,1166,0,2084,1166
frame_1342.jpg,2133,1371,69,61,2133,1236,2064,1175,0,2064,1175
frame_1344.jpg,2108,1351,42,67,2108,1236,2066,1169,0,2066,1169
frame_1346.jpg,2112,1357,56,62,2112,1233,2056,1171,0,2056,1171
frame_1348.jpg,2116,1348,53,58,2116,1230,2063,1172,0,2063,1172
frame_1350.jpg,2130,1347,54,58,2130,1232,2076,1174,0,2076,1174
frame_1352.jpg,2140,1380,106,50,2140,1237,2034,1187,0,2034,1187
frame_1354.jpg,2119,1337,46,54,2119,1234,2073,1180,0,2073,1180
frame_1356.jpg,2125,1342,54,53,2125,1234,2071,1181,0,2071,1181
frame_1358.jpg,2125,1342,46,56,2125,1233,2079,1177,0,2079,1177
frame_1360.jpg,2134,1352,55,55,2134,1235,2079,1180,0,2079,1180
frame_1362.jpg,2117,1312,6,65,2117,1239,2111,1174,0,2111,1174
frame_1364.jpg,2115,1338,16,61,2115,1241,2099,1180,0,2099,1180
frame_1366.jpg,2132,1334,38,61,2132,1238,2094,1177,0,2094,1177
frame_1368.jpg,2146,1338,60,56,2136,1237,2076,1181,0,2076,1181
frame_1370.jpg,2136,1337,53,57,2128,1241,2075,1184,0,2075,1184
frame_1372.jpg,2140,1340,50,56,2140,1242,2090,1186,0,2090,1186
frame_1374.jpg,2139,1337,48,57,2139,1241,2091,1184,0,2091,1184
frame_1376.jpg,2135,1333,45,58,2130,1242,2085,1184,0,2085,1184
frame_1378.jpg,2138,1337,58,54,2125,1244,2067,1190,0,2067,1190
frame_1380.jpg,2141,1338,59,56,2134,1240,2075,1184,0,2075,1184
frame_1382.jpg,2141,1338,55,56,2137,1241,2082,1185,0,2082,1185
frame_1384.jpg,2123,1338,42,56,2123,1239,2081,1183,0,2081,1183
frame_1386.jpg,2130,1338,50,58,2130,1241,2080,1183,0,2080,1183
frame_1388.jpg,2120,1343,57,53,2120,1236,2063,1183,0,2063,1183
frame_1390.jpg,2144,1340,68,52,2137,1232,2069,1180,0,2069,1180
frame_1392.jpg,2146,1342,65,53,2140,1237,2075,1184,0,2075,1184
frame_1394.jpg,2146,1336,65,52,2140,1236,2075,1184,0,2075,1184
frame_1396.jpg,2115,1338,63,47,2115,1224,2052,1177,0,2052,1177
frame_1398.jpg,2109,1337,55,49,2109,1226,2054,1177,0,2054,1177
frame_1400.jpg,2126,1327,60,55,2126,1223,2066,1168,0,2066,1168
frame_1402.jpg,2120,1335,55,54,2120,1221,2065,1167,0,2065,1167
frame_1404.jpg,2111,1335,56,51,2111,1223,2055,1172,0,2055,1172
frame_1406.jpg,2107,1331,54,47,2107,1228,2053,1181,0,2053,1181
frame_1408.jpg,2105,1330,54,47,2105,1225,2051,1178,0,2051,1178
frame_1410.jpg,2107,1349,79,46,2107,1220,2028,1174,0,2028,1174
frame_1412.jpg,2085,1337,51,47,2085,1219,2034,1172,0,2034,1172
frame_1414.jpg,2085,1337,54,45,2085,1220,2031,1175,0,2031,1175
frame_1416.jpg,2135,1324,96,49,2135,1217,2039,1168,0,2039,1168
frame_1418.jpg,2071,1322,29,57,2071,1232,2042,1175,0,2042,1175
frame_1420.jpg,2093,1309,34,57,2093,1232,2059,1175,0,2059,1175
frame_1422.jpg,2059,1325,50,46,2059,1223,2009,1177,0,2009,1177
frame_1424.jpg,2060,1323,38,48,2060,1229,2022,1181,0,2022,1181
frame_1426.jpg,2063,1324,48,44,2063,1232,2015,1188,0,2015,1188
frame_1428.jpg,2063,1324,47,44,2063,1232,2016,1188,0,2016,1188
frame_1430.jpg,2040,1324,31,48,2040,1224,2009,1176,0,2009,1176
frame_1432.jpg,2054,1331,38,52,2054,1220,2016,1168,0,2016,1168
frame_1434.jpg,2055,1320,33,50,2055,1228,2022,1178,0,2022,1178
frame_1436.jpg,2078,1327,47,52,2078,1219,2031,1167,0,2031,1167
frame_1438.jpg,2068,1326,43,50,2068,1229,2025,1179,0,2025,1179
frame_1440.jpg,2064,1337,50,48,2064,1226,2014,1178,0,2014,1178
frame_1442.jpg,2064,1337,50,48,2064,1226,2014,1178,0,2014,1178
frame_1444.jpg,2009,1326,21,45,2009,1212,1988,1167,0,1988,1167
frame_1446.jpg,2004,1341,37,41,2004,1203,1967,1162,0,1967,1162
frame_1448.jpg,2010,1324,17,45,2010,1209,1993,1164,0,1993,1164
frame_1450.jpg,2012,1311,13,46,2012,1212,1999,1166,0,1999,1166
frame_1452.jpg,2018,1319,17,49,2018,1196,2001,1147,0,2001,1147
frame_1454.jpg,2043,1324,31,51,2043,1221,2012,1170,0,2012,1170
frame_1456.jpg,2025,1322,18,48,2025,1203,2007,1155,0,2007,1155
frame_1458.jpg,2013,1319,11,47,2013,1210,2002,1163,0,2002,1163
frame_1460.jpg,2017,1307,11,48,2017,1222,2006,1174,0,2006,1174
frame_1462.jpg,2017,1319,21,44,2017,1209,1996,1165,0,1996,1165
frame_1464.jpg,1987,1302,0,50,1987,1217,1987,1167,0,1987,1167
frame_1466.jpg,2040,1306,14,51,2040,1216,2026,1165,0,2026,1165
frame_1468.jpg,2026,1312,23,46,2026,1208,2003,1162,0,2003,1162
frame_1470.jpg,2033,1306,32,43,2033,1192,2001,1149,0,2001,1149
frame_1472.jpg,2010,1307,17,40,2010,1192,1993,1152,0,1993,1152
frame_1474.jpg,2020,1307,21,41,2020,1190,1999,1149,0,1999,1149
frame_1476.jpg,2011,1303,13,41,2011,1196,1998,1155,0,1998,1155
frame_1478.jpg,1981,1283,70,39,1981,1141,1911,1102,0,1911,1102
frame_1480.jpg,2017,1290,25,38,2017,1188,1992,1150,0,1992,1150
frame_1482.jpg,2018,1294,19,38,2018,1199,1999,1161,0,1999,1161
frame_1484.jpg,2017,1295,21,38,2017,1183,1996,1145,0,1996,1145
frame_1486.jpg,1968,1308,22,35,1968,1183,1946,1148,0,1946,1148
frame_1488.jpg,1932,1278,0,43,1932,1170,1932,1127,0,1932,1127
frame_1490.jpg,1991,1297,16,38,1991,1186,1975,1148,0,1975,1148
frame_1492.jpg,2000,1304,27,38,2000,1136,1973,1098,0,1973,1098
frame_1494.jpg,2006,1304,30,37,2006,1195,1976,1158,0,1976,1158
frame_1496.jpg,1994,1295,13,39,1994,1194,1981,1155,0,1981,1155
frame_1498.jpg,2002,1303,36,36,2002,1194,1966,1158,0,1966,1158
frame_1500.jpg,2002,1268,0,51,2002,1194,2002,1143,0,2002,1143
frame_1502.jpg,2023,1276,19,45,2023,1186,2004,1141,0,2004,1141
frame_1504.jpg,2014,1287,26,43,2014,1188,1988,1145,0,1988,1145
frame_1506.jpg,1998,1279,20,40,1998,1188,1978,1148,0,1978,1148
frame_1508.jpg,1991,1283,24,38,1991,1173,1967,1135,0,1967,1135
frame_1510.jpg,1972,1269,0,42,1972,1180,1972,1138,0,1972,1138
frame_1512.jpg,2002,1281,8,44,2002,1188,1994,1144,0,1994,1144
frame_1514.jpg,1994,1277,6,41,1994,1123,1988,1082,0,1988,1082
frame_1516.jpg,2028,1282,29,42,2028,1126,1999,1084,0,1999,1084
frame_1518.jpg,1957,1283,0,48,1957,1140,1957,1092,0,1957,1092
frame_1520.jpg,1964,1289,15,47,1964,1181,1949,1134,0,1949,1134
frame_1522.jpg,1944,1283,9,46,1944,1174,1935,1128,0,1935,1128
frame_1524.jpg,1969,1283,18,45,1969,1190,1951,1145,0,1951,1145
frame_1526.jpg,1954,1287,14,47,1954,1182,1940,1135,0,1940,1135
frame_1528.jpg,1949,1281,5,47,1949,1179,1944,1132,0,1944,1132
frame_1530.jpg,1964,1284,19,46,1964,1186,1945,1140,0,1945,1140
frame_1532.jpg,2007,1308,89,43,2007,1128,1918,1085,0,1918,1085
frame_1534.jpg,1987,1290,26,53,1987,1188,1961,1135,0,1961,1135
frame_1536.jpg,2001,1285,37,44,2001,1201,1964,1157,0,1964,1157
frame_1538.jpg,1998,1279,35,43,1998,1204,1963,1161,0,1963,1161
frame_1540.jpg,1980,1277,26,46,1980,1190,1954,1144,0,1954,1144
frame_1542.jpg,1968,1262,0,44,1968,1175,1968,1131,0,1968,1131
frame_1544.jpg,1995,1281,20,41,1995,1192,1975,1151,0,1975,1151
frame_1546.jpg,1968,1268,3,33,1968,1178,1965,1145,0,1965,1145
frame_1548.jpg,1973,1273,15,32,1973,1184,1958,1152,0,1958,1152
frame_1550.jpg,1984,1274,25,33,1984,1185,1959,1152,0,1959,1152
frame_1552.jpg,1973,1270,12,34,1973,1175,1961,1141,0,1961,1141
frame_1554.jpg,1971,1272,16,34,1971,1156,1955,1122,0,1955,1122
frame_1556.jpg,1998,1282,46,27,1998,1177,1952,1150,0,1952,1150
frame_1558.jpg,1965,1289,28,23,1965,1186,1937,1163,0,1937,1163
frame_1560.jpg,1999,1274,42,29,1999,1188,1957,1159,0,1957,1159
frame_1562.jpg,1966,1254,0,35,1966,1175,1966,1140,0,1966,1140
frame_1564.jpg,1936,1282,33,37,1936,1173,1903,1136,0,1903,1136
frame_1566.jpg,1950,1287,27,46,1950,1160,1923,1114,0,1923,1114
frame_1568.jpg,1980,1295,33,63,1980,1117,1947,1054,0,1947,1054
frame_1570.jpg,1991,1294,43,55,1991,1113,1948,1058,0,1948,1058
frame_1572.jpg,1972,1288,38,48,1972,1168,1934,1120,0,1934,1120
frame_1574.jpg,1969,1281,22,49,1969,1135,1947,1086,0,1947,1086
frame_1576.jpg,1989,1298,32,50,1989,1080,1957,1030,0,1957,1030
frame_1578.jpg,1957,1284,66,23,1930,1190,1864,1167,0,1864,1167
frame_1580.jpg,1978,1268,87,34,1944,1175,1857,1141,0,1857,1141
frame_1582.jpg,1978,1268,93,46,1937,1164,1844,1118,0,1844,1118
frame_1584.jpg,1924,1264,23,58,1924,1061,1901,1003,0,1901,1003
frame_1586.jpg,1919,1267,4,46,1919,1103,1915,1057,0,1915,1057
frame_1588.jpg,1919,1267,6,45,1919,1112,1913,1067,0,1913,1067
frame_1590.jpg,1932,1263,11,40,1932,1099,1921,1059,0,1921,1059
frame_1592.jpg,1919,1259,0,44,1919,1107,1919,1063,0,1919,1063
frame_1594.jpg,1942,1268,22,40,1942,1117,1920,1077,0,1920,1077
frame_1596.jpg,1930,1262,17,40,1930,1116,1913,1076,0,1913,1076
frame_1598.jpg,1934,1268,10,44,1934,1122,1924,1078,0,1924,1078
frame_1600.jpg,1952,1266,19,40,1952,1132,1933,1092,0,1933,1092
frame_1602.jpg,1924,1257,8,37,1924,1110,1916,1073,0,1916,1073
frame_1604.jpg,1934,1286,42,31,1934,1117,1892,1086,0,1892,1086
frame_1606.jpg,1919,1266,28,35,1919,1130,1891,1095,0,1891,1095
frame_1608.jpg,1919,1266,29,35,1919,1110,1890,1075,0,1890,1075
frame_1610.jpg,1898,1255,6,40,1898,1114,1892,1074,0,1892,1074
frame_1612.jpg,1907,1244,0,45,1907,1174,1907,1129,0,1907,1129
frame_1614.jpg,1924,1271,42,36,1924,1141,1882,1105,0,1882,1105
frame_1616.jpg,1937,1304,37,58,1937,1141,1900,1083,0,1900,1083
frame_1618.jpg,1946,1303,44,59,1946,1141,1902,1082,0,1902,1082
frame_1620.jpg,1942,1300,34,55,1942,1129,1908,1074,0,1908,1074
frame_1622.jpg,1925,1285,21,50,1925,1185,1904,1135,0,1904,1135
frame_1624.jpg,1942,1280,30,48,1942,1183,1912,1135,0,1912,1135
frame_1626.jpg,1943,1275,24,47,1943,1187,1919,1140,0,1919,1140
frame_1628.jpg,1932,1280,34,46,1932,1183,1898,1137,0,1898,1137
frame_1630.jpg,1948,1276,30,42,1948,1188,1918,1146,0,1918,1146
frame_1632.jpg,1941,1278,28,42,1941,1181,1913,1139,0,1913,1139
frame_1634.jpg,1956,1277,35,43,1956,1191,1921,1148,0,1921,1148
frame_1636.jpg,1943,1283,36,44,1943,1184,1907,1140,0,1907,1140
frame_1638.jpg,1965,1277,39,41,1965,1193,1926,1152,0,1926,1152
frame_1640.jpg,1945,1273,26,42,1945,1186,1919,1144,0,1919,1144
frame_1642.jpg,1941,1281,43,44,1941,1173,1898,1129,0,1898,1129
frame_1644.jpg,1908,1216,0,41,1908,1131,1908,1090,0,1908,1090
frame_1646.jpg,1915,1269,34,44,1915,1177,1881,1133,0,1881,1133
frame_1648.jpg,1930,1240,16,25,1930,1191,1914,1166,0,1914,1166
frame_1650.jpg,1930,1230,18,20,1930,1178,1912,1158,0,1912,1158
frame_1652.jpg,1910,1246,9,15,1910,1127,1901,1112,0,1901,1112
frame_1654.jpg,1921,1229,23,27,1921,1179,1898,1152,0,1898,1152
frame_1656.jpg,1922,1222,14,25,1922,1178,1908,1153,0,1908,1153
frame_1658.jpg,1937,1225,12,26,1937,1187,1925,1161,0,1925,1161
frame_1660.jpg,1928,1240,15,19,1928,1191,1913,1172,0,1913,1172
frame_1662.jpg,1928,1240,47,23,1928,1098,1881,1075,0,1881,1075
frame_1664.jpg,1918,1219,28,22,1918,1175,1890,1153,0,1890,1153
frame_1666.jpg,1927,1225,25,21,1927,1182,1902,1161,0,1902,1161
frame_1668.jpg,1930,1232,40,25,1930,1141,1890,1116,0,1890,1116
frame_1670.jpg,1945,1238,77,42,1945,1102,1868,1060,0,1868,1060
frame_1672.jpg,1935,1237,27,31,1935,1185,1908,1154,0,1908,1154
frame_1674.jpg,1935,1249,48,31,1935,1194,1887,1163,0,1887,1163
frame_1676.jpg,1929,1242,25,27,1929,1183,1904,1156,0,1904,1156
frame_1678.jpg,1940,1260,36,25,1940,1112,1904,1087,0,1904,1087
frame_1680.jpg,1936,1247,57,24,1936,1176,1879,1152,0,1879,1152
frame_1682.jpg,1939,1250,50,25,1939,1183,1889,1158,0,1889,1158
frame_1684.jpg,1937,1244,67,21,1937,1186,1870,1165,0,1870,1165
frame_1686.jpg,1902,1224,21,21,1902,1169,1881,1148,0,1881,1148
frame_1688.jpg,1930,1233,50,33,1930,1190,1880,1157,0,1880,1157
frame_1690.jpg,1922,1234,69,43,1893,1178,1824,1135,0,1824,1135
frame_1692.jpg,1917,1230,57,41,1898,1170,1841,1129,0,1841,1129
frame_1694.jpg,1924,1236,45,47,1909,1177,1864,1130,0,1864,1130
frame_1696.jpg,1917,1229,46,39,1908,1171,1862,1132,0,1862,1132
frame_1698.jpg,1922,1233,45,41,1911,1181,1866,1140,0,1866,1140
frame_1700.jpg,1916,1229,46,38,1906,1172,1860,1134,0,1860,1134
frame_1702.jpg,1925,1229,55,40,1916,1173,1861,1133,0,1861,1133
frame_1704.jpg,1932,1230,51,39,1932,1154,1881,1115,0,1881,1115
frame_1706.jpg,1936,1235,37,45,1936,1167,1899,1122,0,1899,1122
frame_1708.jpg,1923,1232,25,45,1923,1182,1898,1137,0,1898,1137
frame_1710.jpg,1931,1232,22,40,1931,1200,1909,1160,0,1909,1160
frame_1712.jpg,1923,1231,0,33,1923,1182,1923,1149,0,1923,1149
frame_1714.jpg,1919,1227,0,29,1919,1178,1919,1149,0,1919,1149
frame_1716.jpg,1927,1230,15,33,1927,1182,1912,1149,0,1912,1149
frame_1718.jpg,1926,1232,24,37,1926,1197,1902,1160,0,1902,1160
frame_1720.jpg,1926,1237,19,33,1926,1198,1907,1165,0,1907,1165
frame_1722.jpg,1937,1235,38,41,1937,1193,1899,1152,0,1899,1152
frame_1724.jpg,1923,1229,38,28,1923,1187,1885,1159,0,1885,1159
frame_1726.jpg,1917,1229,33,31,1917,1189,1884,1158,0,1884,1158
frame_1728.jpg,1918,1227,48,28,1918,1187,1870,1159,0,1870,1159
frame_1730.jpg,1930,1228,66,32,1917,1198,1851,1166,0,1851,1166
frame_1732.jpg,1923,1225,68,28,1906,1191,1838,1163,0,1838,1163
frame_1734.jpg,1922,1229,56,32,1914,1191,1858,1159,0,1858,1159
frame_1736.jpg,1925,1232,45,30,1925,1194,1880,1164,0,1880,1164
frame_1738.jpg,1920,1225,43,27,1920,1182,1877,1155,0,1877,1155
frame_1740.jpg,1916,1229,28,28,1916,1186,1888,1158,0,1888,1158
frame_1742.jpg,1930,1226,53,27,1930,1186,1877,1159,0,1877,1159
frame_1744.jpg,1933,1231,41,29,1933,1198,1892,1169,0,1892,1169
frame_1746.jpg,1919,1235,17,31,1919,1194,1902,1163,0,1902,1163
frame_1748.jpg,1932,1233,34,32,1932,1195,1898,1163,0,1898,1163
frame_1750.jpg,1934,1231,42,32,1934,1189,1892,1157,0,1892,1157
frame_1752.jpg,1919,1229,26,30,1919,1185,1893,1155,0,1893,1155
frame_1754.jpg,1925,1236,21,35,1925,1198,1904,1163,0,1904,1163
frame_1756.jpg,1930,1227,49,29,1930,1193,1881,1164,0,1881,1164
frame_1758.jpg,1925,1229,40,28,1925,1192,1885,1164,0,1885,1164
frame_1760.jpg,1938,1233,48,31,1938,1201,1890,1170,0,1890,1170
frame_1762.jpg,1930,1232,44,31,1930,1196,1886,1165,0,1886,1165
frame_1764.jpg,1931,1234,40,38,1931,1191,1891,1153,0,1891,1153
frame_1766.jpg,1922,1231,37,29,1922,1188,1885,1159,0,1885,1159
frame_1768.jpg,1933,1229,46,29,1933,1194,1887,1165,0,1887,1165
frame_1770.jpg,1934,1230,48,29,1934,1197,1886,1168,0,1886,1168
frame_1772.jpg,1927,1225,53,31,1927,1194,1874,1163,0,1874,1163
frame_1774.jpg,1933,1233,51,30,1933,1198,1882,1168,0,1882,1168
frame_1776.jpg,1924,1233,40,32,1924,1191,1884,1159,0,1884,1159
frame_1778.jpg,1919,1227,47,31,1919,1189,1872,1158,0,1872,1158
frame_1780.jpg,1918,1229,35,28,1918,1187,1883,1159,0,1883,1159
frame_1782.jpg,1912,1228,28,27,1912,1181,1884,1154,0,1884,1154
frame_1784.jpg,1920,1229,34,29,1920,1191,1886,1162,0,1886,1162
frame_1786.jpg,1920,1232,27,29,1920,1192,1893,1163,0,1893,1163
frame_1788.jpg,1934,1230,50,29,1934,1197,1884,1168,0,1884,1168
frame_1790.jpg,1915,1230,35,37,1915,1195,1880,1158,0,1880,1158
frame_1792.jpg,1916,1224,48,29,1916,1185,1868,1156,0,1868,1156
frame_1794.jpg,1920,1230,37,35,1920,1198,1883,1163,0,1883,1163
frame_1796.jpg,1922,1230,37,33,1922,1196,1885,1163,0,1885,1163
frame_1798.jpg,1906,1229,26,34,1906,1191,1880,1157,0,1880,1157
