frame,status,source,prior_error,edge_error,green_error,twist_angle_deg,local_det,notes
frame_0002.jpg,reused_previous,previous,inf,inf,inf,inf,inf,board-rejected;no-valid-new-h
frame_0004.jpg,reused_previous,previous,inf,inf,inf,inf,inf,board-rejected;no-valid-new-h
frame_0006.jpg,reused_previous,previous,inf,inf,inf,inf,inf,board-rejected;no-valid-new-h
frame_0008.jpg,reused_previous,previous,inf,inf,inf,inf,inf,board-rejected;no-valid-new-h
frame_0010.jpg,reused_previous,previous,inf,inf,inf,inf,inf,board-rejected;no-valid-new-h
frame_0012.jpg,reused_previous,previous,inf,inf,inf,inf,inf,board-rejected;no-valid-new-h
frame_0014.jpg,reused_previous,previous,inf,inf,inf,inf,inf,board-rejected;no-valid-new-h
frame_0016.jpg,reused_previous,previous,inf,inf,inf,inf,inf,board-rejected;no-valid-new-h
frame_0018.jpg,reused_previous,previous,inf,inf,inf,inf,inf,board-rejected;no-valid-new-h
frame_0020.jpg,reused_previous,previous,inf,inf,inf,inf,inf,board-rejected;no-valid-new-h
frame_0022.jpg,reused_previous,previous,inf,inf,inf,inf,inf,board-rejected;no-valid-new-h
frame_0024.jpg,reused_previous,previous,inf,inf,inf,inf,inf,board-rejected;no-valid-new-h
frame_0026.jpg,reused_previous,previous,inf,inf,inf,inf,inf,board-rejected;no-valid-new-h
frame_0028.jpg,reused_previous,previous,inf,inf,inf,inf,inf,board-rejected;no-valid-new-h
frame_0030.jpg,reused_previous,previous,inf,inf,inf,inf,inf,board-rejected;no-valid-new-h
frame_0032.jpg,reused_previous,previous,inf,inf,inf,inf,inf,board-rejected;no-valid-new-h
frame_0034.jpg,reused_previous,previous,inf,inf,inf,inf,inf,board-rejected;no-valid-new-h
frame_0036.jpg,reused_previous,previous,inf,inf,inf,inf,inf,board-rejected;no-valid-new-h
frame_0038.jpg,reused_previous,previous,inf,inf,inf,inf,inf,board-rejected;no-valid-new-h
frame_0040.jpg,reused_previous,previous,inf,inf,inf,inf,inf,board-rejected;no-valid-new-h
frame_0042.jpg,reused_previous,previous,inf,inf,inf,inf,inf,board-rejected;no-valid-new-h
frame_0044.jpg,reused_previous,previous,inf,inf,inf,inf,inf,board-rejected;no-valid-new-h
frame_0046.jpg,reused_previous,previous,inf,inf,inf,inf,inf,board-rejected;no-valid-new-h
frame_0048.jpg,reused_previous,previous,inf,inf,inf,inf,inf,board-rejected;no-valid-new-h
frame_0050.jpg,reused_previous,previous,inf,inf,inf,inf,inf,board-rejected;no-valid-new-h
frame_0052.jpg,reused_previous,previous,inf,inf,inf,inf,inf,board-rejected;no-valid-new-h
frame_0054.jpg,reused_previous,previous,inf,inf,inf,inf,inf,board-rejected;no-valid-new-h
frame_0056.jpg,reused_previous,previous,inf,inf,inf,inf,inf,board-rejected;no-valid-new-h
frame_0058.jpg,reused_previous,previous,inf,inf,inf,inf,inf,board-rejected;no-valid-new-h
frame_0060.jpg,reused_previous,previous,inf,inf,inf,inf,inf,board-rejected;no-valid-new-h
frame_0062.jpg,reused_previous,previous,inf,inf,inf,inf,inf,board-rejected;no-valid-new-h
frame_0064.jpg,reused_previous,previous,inf,inf,inf,inf,inf,board-rejected;no-valid-new-h
frame_0066.jpg,reused_previous,previous,inf,inf,inf,inf,inf,board-rejected;no-valid-new-h
frame_0068.jpg,reused_previous,previous,inf,inf,inf,inf,inf,board-rejected;no-valid-new-h
frame_0070.jpg,reused_previous,previous,inf,inf,inf,inf,inf,board-rejected;no-valid-new-h
frame_0072.jpg,reused_previous,previous,inf,inf,inf,inf,inf,board-rejected;no-valid-new-h
frame_0074.jpg,reused_previous,previous,inf,inf,inf,inf,inf,board-rejected;no-valid-new-h
frame_0076.jpg,reused_previous,previous,inf,inf,inf,inf,inf,board-rejected;no-valid-new-h
frame_0078.jpg,reused_previous,previous,inf,inf,inf,inf,inf,board-rejected;no-valid-new-h
frame_0080.jpg,reused_previous,previous,inf,inf,inf,inf,inf,board-rejected;no-valid-new-h
frame_0082.jpg,reused_previous,previous,inf,inf,inf,inf,inf,board-rejected;no-valid-new-h
frame_0084.jpg,reused_previous,previous,inf,inf,inf,inf,inf,board-rejected;no-valid-new-h
frame_0086.jpg,reused_previous,previous,inf,inf,inf,inf,inf,board-rejected;no-valid-new-h
frame_0088.jpg,reused_previous,previous,inf,inf,inf,inf,inf,board-rejected;no-valid-new-h
frame_0090.jpg,reused_previous,previous,inf,inf,inf,inf,inf,board-rejected;no-valid-new-h
frame_0092.jpg,reused_previous,previous,inf,inf,inf,inf,inf,board-rejected;no-valid-new-h
frame_0094.jpg,reused_previous,previous,inf,inf,inf,inf,inf,board-rejected;no-valid-new-h
frame_0096.jpg,reused_previous,previous,inf,inf,inf,inf,inf,board-rejected;no-valid-new-h
frame_0098.jpg,reused_previous,previous,inf,inf,inf,inf,inf,board-rejected;no-valid-new-h
frame_0100.jpg,reused_previous,previous,inf,inf,inf,inf,inf,board-rejected;no-valid-new-h
frame_0102.jpg,reused_previous,previous,inf,inf,inf,inf,inf,board-rejected;no-valid-new-h
frame_0104.jpg,reused_previous,previous,inf,inf,inf,inf,inf,board-rejected;no-valid-new-h
frame_0106.jpg,reused_previous,previous,inf,inf,inf,inf,inf,board-rejected;no-valid-new-h
frame_0108.jpg,reused_previous,previous,inf,inf,inf,inf,inf,board-rejected;no-valid-new-h
frame_0110.jpg,reused_previous,previous,inf,inf,inf,inf,inf,board-rejected;no-valid-new-h
frame_0112.jpg,reused_previous,previous,inf,inf,inf,inf,inf,board-rejected;no-valid-new-h
frame_0114.jpg,reused_previous,previous,inf,inf,inf,inf,inf,board-rejected;no-valid-new-h
frame_0116.jpg,reused_previous,previous,inf,inf,inf,inf,inf,board-rejected;no-valid-new-h
frame_0118.jpg,reused_previous,previous,inf,inf,inf,inf,inf,board-rejected;no-valid-new-h
frame_0120.jpg,reused_previous,previous,inf,inf,inf,inf,inf,board-rejected;no-valid-new-h
frame_0122.jpg,reused_previous,previous,inf,inf,inf,inf,inf,board-rejected;no-valid-new-h
frame_0124.jpg,reused_previous,previous,inf,inf,inf,inf,inf,board-rejected;no-valid-new-h
frame_0126.jpg,reused_previous,previous,inf,inf,inf,inf,inf,board-rejected;no-valid-new-h
frame_0128.jpg,reused_previous,previous,inf,inf,inf,inf,inf,board-rejected;no-valid-new-h
frame_0130.jpg,reused_previous,previous,inf,inf,inf,inf,inf,board-rejected;no-valid-new-h
frame_0132.jpg,reused_previous,previous,inf,inf,inf,inf,inf,board-rejected;no-valid-new-h
frame_0134.jpg,reused_previous,previous,inf,inf,inf,inf,inf,board-rejected;no-valid-new-h
frame_0136.jpg,reused_previous,previous,inf,inf,inf,inf,inf,board-rejected;no-valid-new-h
frame_0138.jpg,reused_previous,previous,inf,inf,inf,inf,inf,board-rejected;no-valid-new-h
frame_0140.jpg,reused_previous,previous,inf,inf,inf,inf,inf,board-rejected;no-valid-new-h
frame_0142.jpg,reused_previous,previous,inf,inf,inf,inf,inf,board-rejected;no-valid-new-h
frame_0144.jpg,reused_previous,previous,inf,inf,inf,inf,inf,board-rejected;no-valid-new-h
frame_0146.jpg,reused_previous,previous,inf,inf,inf,inf,inf,board-rejected;no-valid-new-h
frame_0148.jpg,reused_previous,previous,inf,inf,inf,inf,inf,board-rejected;no-valid-new-h
frame_0150.jpg,reused_previous,previous,inf,inf,inf,inf,inf,board-rejected;no-valid-new-h
frame_0152.jpg,reused_previous,previous,inf,inf,inf,inf,inf,board-rejected;no-valid-new-h
frame_0154.jpg,reused_previous,previous,inf,inf,inf,inf,inf,board-rejected;no-valid-new-h
frame_0156.jpg,reused_previous,previous,inf,inf,inf,inf,inf,board-rejected;no-valid-new-h
frame_0158.jpg,reused_previous,previous,inf,inf,inf,inf,inf,board-rejected;no-valid-new-h
frame_0160.jpg,reused_previous,previous,inf,inf,inf,inf,inf,board-rejected;no-valid-new-h
frame_0162.jpg,reused_previous,previous,inf,inf,inf,inf,inf,board-rejected;no-valid-new-h
frame_0164.jpg,reused_previous,previous,inf,inf,inf,inf,inf,board-rejected;no-valid-new-h
frame_0166.jpg,reused_previous,previous,inf,inf,inf,inf,inf,board-rejected;no-valid-new-h
frame_0168.jpg,reused_previous,previous,inf,inf,inf,inf,inf,board-rejected;no-valid-new-h
frame_0170.jpg,reused_previous,previous,inf,inf,inf,inf,inf,board-rejected;no-valid-new-h
frame_0172.jpg,reused_previous,previous,inf,inf,inf,inf,inf,board-rejected;no-valid-new-h
frame_0174.jpg,reused_previous,previous,inf,inf,inf,inf,inf,board-rejected;no-valid-new-h
frame_0176.jpg,reused_previous,previous,inf,inf,inf,inf,inf,board-rejected;no-valid-new-h
frame_0178.jpg,reused_previous,previous,inf,inf,inf,inf,inf,board-rejected;no-valid-new-h
frame_0180.jpg,reused_previous,previous,inf,inf,inf,inf,inf,board-rejected;no-valid-new-h
frame_0182.jpg,reused_previous,previous,inf,inf,inf,inf,inf,board-rejected;no-valid-new-h
frame_0184.jpg,reused_previous,previous,inf,inf,inf,inf,inf,board-rejected;no-valid-new-h
frame_0186.jpg,reused_previous,previous,inf,inf,inf,inf,inf,board-rejected;no-valid-new-h
frame_0188.jpg,reused_previous,previous,inf,inf,inf,inf,inf,board-rejected;no-valid-new-h
frame_0190.jpg,reused_previous,previous,inf,inf,inf,inf,inf,board-rejected;no-valid-new-h
frame_0192.jpg,reused_previous,previous,inf,inf,inf,inf,inf,board-rejected;no-valid-new-h
frame_0194.jpg,reused_previous,previous,inf,inf,inf,inf,inf,board-rejected;no-valid-new-h
frame_0196.jpg,reused_previous,previous,inf,inf,inf,inf,inf,board-rejected;no-valid-new-h
frame_0198.jpg,reused_previous,previous,inf,inf,inf,inf,inf,board-rejected;no-valid-new-h
frame_0200.jpg,reused_previous,previous,inf,inf,inf,inf,inf,board-rejected;no-valid-new-h
frame_0202.jpg,reused_previous,previous,inf,inf,inf,inf,inf,board-rejected;no-valid-new-h
frame_0204.jpg,reused_previous,previous,inf,inf,inf,inf,inf,board-rejected;no-valid-new-h
frame_0206.jpg,reused_previous,previous,inf,inf,inf,inf,inf,board-rejected;no-valid-new-h
frame_0208.jpg,reused_previous,previous,inf,inf,inf,inf,inf,board-rejected;no-valid-new-h
frame_0210.jpg,reused_previous,previous,inf,inf,inf,inf,inf,board-rejected;no-valid-new-h
frame_0226.jpg,reused_previous,previous,inf,inf,inf,inf,inf,board-rejected;no-valid-new-h
frame_0304.jpg,reused_previous,previous,inf,inf,inf,inf,inf,board-rejected;no-valid-new-h
frame_0308.jpg,reused_previous,previous,inf,inf,inf,inf,inf,board-rejected;no-valid-new-h
frame_0314.jpg,reused_previous,previous,inf,inf,inf,inf,inf,board-rejected;no-valid-new-h
frame_0324.jpg,reused_previous,previous,inf,inf,inf,inf,inf,board-rejected;no-valid-new-h
frame_0350.jpg,reused_previous,previous,inf,inf,inf,inf,inf,board-rejected;no-valid-new-h
frame_0358.jpg,reused_previous,previous,inf,inf,inf,inf,inf,board-rejected;no-valid-new-h
frame_0360.jpg,reused_previous,previous,inf,inf,inf,inf,inf,board-rejected;no-valid-new-h
frame_0366.jpg,reused_previous,previous,inf,inf,inf,inf,inf,board-rejected;no-valid-new-h
frame_0376.jpg,reused_previous,previous,inf,inf,inf,inf,inf,board-rejected;no-valid-new-h
frame_0392.jpg,reused_previous,previous,inf,inf,inf,inf,inf,board-rejected;no-valid-new-h
frame_0404.jpg,reused_previous,previous,inf,inf,inf,inf,inf,board-rejected;no-valid-new-h
frame_0406.jpg,reused_previous,previous,inf,inf,inf,inf,inf,board-rejected;no-valid-new-h
frame_0408.jpg,reused_previous,previous,inf,inf,inf,inf,inf,board-rejected;no-valid-new-h
frame_0412.jpg,reused_previous,previous,inf,inf,inf,inf,inf,board-rejected;no-valid-new-h
frame_0430.jpg,reused_previous,previous,inf,inf,inf,inf,inf,board-rejected;no-valid-new-h
frame_0432.jpg,reused_previous,previous,inf,inf,inf,inf,inf,board-rejected;no-valid-new-h
frame_0434.jpg,reused_previous,previous,inf,inf,inf,inf,inf,board-rejected;no-valid-new-h
frame_0448.jpg,reused_previous,previous,inf,inf,inf,inf,inf,board-rejected;no-valid-new-h
frame_0450.jpg,reused_previous,previous,inf,inf,inf,inf,inf,board-rejected;no-valid-new-h
frame_0472.jpg,reused_previous,previous,inf,inf,inf,inf,inf,board-rejected;no-valid-new-h
frame_0500.jpg,reused_previous,previous,inf,inf,inf,inf,inf,board-rejected;no-valid-new-h
frame_0502.jpg,reused_previous,previous,inf,inf,inf,inf,inf,board-rejected;no-valid-new-h
frame_0514.jpg,reused_previous,previous,inf,inf,inf,inf,inf,board-rejected;no-valid-new-h
frame_0516.jpg,reused_previous,previous,inf,inf,inf,inf,inf,board-rejected;no-valid-new-h
frame_0526.jpg,reused_previous,previous,inf,inf,inf,inf,inf,board-rejected;no-valid-new-h
frame_0544.jpg,reused_previous,previous,inf,inf,inf,inf,inf,board-rejected;no-valid-new-h
frame_0546.jpg,reused_previous,previous,inf,inf,inf,inf,inf,board-rejected;no-valid-new-h
frame_0548.jpg,reused_previous,previous,inf,inf,inf,inf,inf,board-rejected;no-valid-new-h
frame_0552.jpg,reused_previous,previous,inf,inf,inf,inf,inf,board-rejected;no-valid-new-h
frame_0554.jpg,reused_previous,previous,inf,inf,inf,inf,inf,board-rejected;no-valid-new-h
frame_0556.jpg,reused_previous,previous,inf,inf,inf,inf,inf,board-rejected;no-valid-new-h
frame_0558.jpg,reused_previous,previous,inf,inf,inf,inf,inf,board-rejected;no-valid-new-h
frame_0560.jpg,reused_previous,previous,inf,inf,inf,inf,inf,board-rejected;no-valid-new-h
frame_0562.jpg,reused_previous,previous,inf,inf,inf,inf,inf,board-rejected;no-valid-new-h
frame_0564.jpg,reused_previous,previous,inf,inf,inf,inf,inf,board-rejected;no-valid-new-h
frame_0566.jpg,reused_previous,previous,inf,inf,inf,inf,inf,board-rejected;no-valid-new-h
frame_0568.jpg,reused_previous,previous,inf,inf,inf,inf,inf,board-rejected;no-valid-new-h
frame_0570.jpg,reused_previous,previous,inf,inf,inf,inf,inf,board-rejected;no-valid-new-h
frame_0572.jpg,reused_previous,previous,inf,inf,inf,inf,inf,board-rejected;no-valid-new-h
frame_0574.jpg,reused_previous,previous,inf,inf,inf,inf,inf,board-rejected;no-valid-new-h
frame_0576.jpg,reused_previous,previous,inf,inf,inf,inf,inf,board-rejected;no-valid-new-h
frame_0578.jpg,reused_previous,previous,inf,inf,inf,inf,inf,board-rejected;no-valid-new-h
frame_0580.jpg,reused_previous,previous,inf,inf,inf,inf,inf,board-rejected;no-valid-new-h
frame_0582.jpg,reused_previous,previous,inf,inf,inf,inf,inf,board-rejected;no-valid-new-h
frame_0584.jpg,reused_previous,previous,inf,inf,inf,inf,inf,board-rejected;no-valid-new-h
frame_0586.jpg,reused_previous,previous,inf,inf,inf,inf,inf,board-rejected;no-valid-new-h
frame_0588.jpg,reused_previous,previous,inf,inf,inf,inf,inf,board-rejected;no-valid-new-h
frame_0590.jpg,reused_previous,previous,inf,inf,inf,inf,inf,board-rejected;no-valid-new-h
frame_0592.jpg,reused_previous,previous,inf,inf,inf,inf,inf,board-rejected;no-valid-new-h
frame_0594.jpg,reused_previous,previous,inf,inf,inf,inf,inf,board-rejected;no-valid-new-h
frame_0596.jpg,reused_previous,previous,inf,inf,inf,inf,inf,board-rejected;no-valid-new-h
frame_0598.jpg,reused_previous,previous,inf,inf,inf,inf,inf,board-rejected;no-valid-new-h
frame_0600.jpg,reused_previous,previous,inf,inf,inf,inf,inf,board-rejected;no-valid-new-h
frame_0602.jpg,reused_previous,previous,inf,inf,inf,inf,inf,board-rejected;no-valid-new-h
frame_0604.jpg,reused_previous,previous,inf,inf,inf,inf,inf,board-rejected;no-valid-new-h
frame_0606.jpg,reused_previous,previous,inf,inf,inf,inf,inf,board-rejected;no-valid-new-h
frame_0608.jpg,reused_previous,previous,inf,inf,inf,inf,inf,board-rejected;no-valid-new-h
frame_0610.jpg,reused_previous,previous,inf,inf,inf,inf,inf,board-rejected;no-valid-new-h
frame_0612.jpg,reused_previous,previous,inf,inf,inf,inf,inf,board-rejected;no-valid-new-h
frame_0614.jpg,reused_previous,previous,inf,inf,inf,inf,inf,board-rejected;no-valid-new-h
frame_0616.jpg,reused_previous,previous,inf,inf,inf,inf,inf,board-rejected;no-valid-new-h
frame_0618.jpg,reused_previous,previous,inf,inf,inf,inf,inf,board-rejected;no-valid-new-h
frame_0620.jpg,reused_previous,previous,inf,inf,inf,inf,inf,board-rejected;no-valid-new-h
frame_0622.jpg,reused_previous,previous,inf,inf,inf,inf,inf,board-rejected;no-valid-new-h
frame_0624.jpg,reused_previous,previous,inf,inf,inf,inf,inf,board-rejected;no-valid-new-h
frame_0626.jpg,reused_previous,previous,inf,inf,inf,inf,inf,board-rejected;no-valid-new-h
frame_0628.jpg,reused_previous,previous,inf,inf,inf,inf,inf,board-rejected;no-valid-new-h
frame_0630.jpg,reused_previous,previous,inf,inf,inf,inf,inf,board-rejected;no-valid-new-h
frame_0632.jpg,reused_previous,previous,inf,inf,inf,inf,inf,board-rejected;no-valid-new-h
frame_0634.jpg,reused_previous,previous,inf,inf,inf,inf,inf,board-rejected;no-valid-new-h
frame_0636.jpg,reused_previous,previous,inf,inf,inf,inf,inf,board-rejected;no-valid-new-h
frame_0640.jpg,reused_previous,previous,inf,inf,inf,inf,inf,board-rejected;no-valid-new-h
frame_0642.jpg,reused_previous,previous,inf,inf,inf,inf,inf,board-rejected;no-valid-new-h
frame_0644.jpg,reused_previous,previous,inf,inf,inf,inf,inf,board-rejected;no-valid-new-h
frame_0646.jpg,reused_previous,previous,inf,inf,inf,inf,inf,board-rejected;no-valid-new-h
frame_0648.jpg,reused_previous,previous,inf,inf,inf,inf,inf,board-rejected;no-valid-new-h
frame_0650.jpg,reused_previous,previous,inf,inf,inf,inf,inf,board-rejected;no-valid-new-h
frame_0652.jpg,reused_previous,previous,inf,inf,inf,inf,inf,board-rejected;no-valid-new-h
frame_0654.jpg,reused_previous,previous,inf,inf,inf,inf,inf,board-rejected;no-valid-new-h
frame_0656.jpg,reused_previous,previous,inf,inf,inf,inf,inf,board-rejected;no-valid-new-h
frame_0658.jpg,reused_previous,previous,inf,inf,inf,inf,inf,board-rejected;no-valid-new-h
frame_0660.jpg,reused_previous,previous,inf,inf,inf,inf,inf,board-rejected;no-valid-new-h
frame_0662.jpg,reused_previous,previous,inf,inf,inf,inf,inf,board-rejected;no-valid-new-h
frame_0664.jpg,reused_previous,previous,inf,inf,inf,inf,inf,board-rejected;no-valid-new-h
frame_0666.jpg,reused_previous,previous,inf,inf,inf,inf,inf,board-rejected;no-valid-new-h
frame_0668.jpg,reused_previous,previous,inf,inf,inf,inf,inf,board-rejected;no-valid-new-h
frame_0670.jpg,reused_previous,previous,inf,inf,inf,inf,inf,board-rejected;no-valid-new-h
frame_0672.jpg,reused_previous,previous,inf,inf,inf,inf,inf,board-rejected;no-valid-new-h
frame_0674.jpg,reused_previous,previous,inf,inf,inf,inf,inf,board-rejected;no-valid-new-h
frame_0676.jpg,reused_previous,previous,inf,inf,inf,inf,inf,board-rejected;no-valid-new-h
frame_0678.jpg,reused_previous,previous,inf,inf,inf,inf,inf,board-rejected;no-valid-new-h
frame_0680.jpg,reused_previous,previous,inf,inf,inf,inf,inf,board-rejected;no-valid-new-h
frame_0682.jpg,reused_previous,previous,inf,inf,inf,inf,inf,board-rejected;no-valid-new-h
frame_0684.jpg,reused_previous,previous,inf,inf,inf,inf,inf,board-rejected;no-valid-new-h
frame_0688.jpg,reused_previous,previous,inf,inf,inf,inf,inf,board-rejected;no-valid-new-h
frame_0690.jpg,reused_previous,previous,inf,inf,inf,inf,inf,board-rejected;no-valid-new-h
frame_0692.jpg,reused_previous,previous,inf,inf,inf,inf,inf,board-rejected;no-valid-new-h
frame_0694.jpg,reused_previous,previous,inf,inf,inf,inf,inf,board-rejected;no-valid-new-h
frame_0696.jpg,reused_previous,previous,inf,inf,inf,inf,inf,board-rejected;no-valid-new-h
frame_0698.jpg,reused_previous,previous,inf,inf,inf,inf,inf,board-rejected;no-valid-new-h
frame_0700.jpg,reused_previous,previous,inf,inf,inf,inf,inf,board-rejected;no-valid-new-h
frame_0702.jpg,reused_previous,previous,inf,inf,inf,inf,inf,board-rejected;no-valid-new-h
frame_0708.jpg,reused_previous,previous,inf,inf,inf,inf,inf,board-rejected;no-valid-new-h
frame_0714.jpg,reused_previous,previous,inf,inf,inf,inf,inf,board-rejected;no-valid-new-h
frame_0716.jpg,reused_previous,previous,inf,inf,inf,inf,inf,board-rejected;no-valid-new-h
frame_0724.jpg,reused_previous,previous,inf,inf,inf,inf,inf,board-rejected;no-valid-new-h
frame_0730.jpg,reused_previous,previous,inf,inf,inf,inf,inf,board-rejected;no-valid-new-h
frame_0732.jpg,reused_previous,previous,inf,inf,inf,inf,inf,board-rejected;no-valid-new-h
frame_0734.jpg,reused_previous,previous,inf,inf,inf,inf,inf,board-rejected;no-valid-new-h
frame_0736.jpg,reused_previous,previous,inf,inf,inf,inf,inf,board-rejected;no-valid-new-h
frame_0738.jpg,reused_previous,previous,inf,inf,inf,inf,inf,board-rejected;no-valid-new-h
frame_0740.jpg,reused_previous,previous,inf,inf,inf,inf,inf,board-rejected;no-valid-new-h
frame_0742.jpg,reused_previous,previous,inf,inf,inf,inf,inf,board-rejected;no-valid-new-h
frame_0744.jpg,reused_previous,previous,inf,inf,inf,inf,inf,board-rejected;no-valid-new-h
frame_0748.jpg,reused_previous,previous,inf,inf,inf,inf,inf,board-rejected;no-valid-new-h
frame_0750.jpg,reused_previous,previous,inf,inf,inf,inf,inf,board-rejected;no-valid-new-h
frame_0752.jpg,reused_previous,previous,inf,inf,inf,inf,inf,board-rejected;no-valid-new-h
frame_0754.jpg,reused_previous,previous,inf,inf,inf,inf,inf,board-rejected;no-valid-new-h
frame_0758.jpg,reused_previous,previous,inf,inf,inf,inf,inf,board-rejected;no-valid-new-h
frame_1024.jpg,reused_previous,previous,inf,inf,inf,inf,inf,board-rejected;no-valid-new-h
frame_1034.jpg,reused_previous,previous,inf,inf,inf,inf,inf,board-rejected;no-valid-new-h
frame_1080.jpg,reused_previous,previous,inf,inf,inf,inf,inf,board-rejected;no-valid-new-h
frame_1090.jpg,reused_previous,previous,inf,inf,inf,inf,inf,board-rejected;no-valid-new-h
frame_1092.jpg,reused_previous,previous,inf,inf,inf,inf,inf,board-rejected;no-valid-new-h
frame_1094.jpg,reused_previous,previous,inf,inf,inf,inf,inf,board-rejected;no-valid-new-h
frame_1100.jpg,reused_previous,previous,inf,inf,inf,inf,inf,board-rejected;no-valid-new-h
frame_1104.jpg,reused_previous,previous,inf,inf,inf,inf,inf,board-rejected;no-valid-new-h
frame_1240.jpg,reused_previous,previous,inf,inf,inf,inf,inf,board-rejected;no-valid-new-h
frame_1398.jpg,reused_previous,previous,inf,inf,inf,inf,inf,board-rejected;no-valid-new-h
frame_1408.jpg,reused_previous,previous,inf,inf,inf,inf,inf,board-rejected;no-valid-new-h
frame_1430.jpg,reused_previous,previous,inf,inf,inf,inf,inf,board-rejected;no-valid-new-h
frame_1440.jpg,reused_previous,previous,inf,inf,inf,inf,inf,board-rejected;no-valid-new-h
frame_1448.jpg,reused_previous,previous,inf,inf,inf,inf,inf,board-rejected;no-valid-new-h
frame_1454.jpg,reused_previous,previous,inf,inf,inf,inf,inf,board-rejected;no-valid-new-h
frame_1462.jpg,reused_previous,previous,inf,inf,inf,inf,inf,board-rejected;no-valid-new-h
frame_1498.jpg,reused_previous,previous,inf,inf,inf,inf,inf,board-rejected;no-valid-new-h
frame_1540.jpg,reused_previous,previous,inf,inf,inf,inf,inf,board-rejected;no-valid-new-h
frame_1542.jpg,reused_previous,previous,inf,inf,inf,inf,inf,board-rejected;no-valid-new-h
frame_1580.jpg,reused_previous,previous,inf,inf,inf,inf,inf,board-rejected;no-valid-new-h
frame_1614.jpg,reused_previous,previous,inf,inf,inf,inf,inf,board-rejected;no-valid-new-h
frame_1616.jpg,reused_previous,previous,inf,inf,inf,inf,inf,board-rejected;no-valid-new-h
