frame,original_green_error_px,corrected_green_error_px,left_shift_x,left_shift_y,right_shift_x,right_shift_y,left_marker_x,left_marker_y,right_marker_x,right_marker_y,right_track_score,left_marker_rank,output_width,output_height
frame_0000.jpg,137.84800913052908,1.1368683772161603e-13,-68.75605334469248,-4.808693562123608,68.75605334469248,4.808693562123608,486.06900559308485,1077.9893222924384,316.0,1030.0,0.8119168877601624,0,1668,1297
frame_0002.jpg,141.04027041008402,0.0,-70.48443565283094,-2.2436131661539775,70.48443565283094,2.2436131661539775,485.49415681478456,1077.8279657562168,312.0,1035.0,0.8524904847145081,0,1668,1297
frame_0004.jpg,142.97596066415966,2.3437142008433856e-13,-71.4541556459937,-2.1988571754301347,71.4541556459937,2.1988571754301347,486.51427602577144,1077.7804679552391,311.0,1035.0,0.8589375615119934,0,1668,1297
frame_0006.jpg,141.5511850708913,5.684341886080802e-14,-70.71989678071486,-2.80725810506749,70.71989678071486,2.80725810506749,485.9912897822445,1077.9828475711893,312.0,1034.0,0.8712901473045349,0,1668,1297
frame_0008.jpg,142.15454049500104,2.5421149729252077e-13,-71.03536632450692,-2.440302640930213,71.03536632450692,2.440302640930213,486.6494140625,1078.2895182291666,312.0,1035.0,0.845663845539093,0,1668,1297
frame_0010.jpg,141.34513903264232,2.3437142008433856e-13,-70.61159099250654,-2.9351830515687425,70.61159099250654,2.9351830515687425,486.8145923931801,1078.2862566438876,313.0,1034.0,0.8469007611274719,0,1668,1297
frame_0012.jpg,142.63709572803268,5.684341886080802e-14,-71.27048228206962,-2.6179428399395874,71.27048228206962,2.6179428399395874,486.13167358229595,1077.594744121715,311.0,1034.0,0.8545089960098267,0,1668,1297
frame_0014.jpg,140.34206913878,0.0,-70.12212684903648,-2.6194309890062186,70.12212684903648,2.6194309890062186,485.8115732119456,1077.5834885164495,313.0,1034.0,0.8746387362480164,0,1668,1297
frame_0016.jpg,142.6249986138438,2.3437142008433856e-13,-71.19889751861581,-4.023623930411418,71.19889751861581,4.023623930411418,486.8227491961415,1080.5541264737406,312.0,1034.0,0.8505963683128357,0,1668,1297
frame_0018.jpg,152.50382355029416,5.684341886080802e-14,-75.79007148726379,-8.379684559710995,75.79007148726379,8.379684559710995,494.9200799200799,1089.9888777888777,311.0,1034.0,0.8737116456031799,0,1668,1297
frame_0020.jpg,151.1024045955934,1.1368683772161603e-13,-75.13635452276486,-7.906478209164561,75.13635452276486,7.906478209164561,494.6670749132476,1088.9920391916717,312.0,1034.0,0.8667713403701782,0,1668,1297
frame_0022.jpg,151.3867311309369,2.5421149729252077e-13,-75.363426189167,-7.059715550758597,75.363426189167,7.059715550758597,495.13101160862357,1089.33181315644,312.0,1036.0,0.8591048121452332,0,1668,1297
frame_0024.jpg,150.78227622149785,2.2737367544323206e-13,-75.06020060965852,-7.056202241421147,75.06020060965852,7.056202241421147,494.4782402707275,1089.2954991539762,312.0,1036.0,0.8247875571250916,0,1668,1297
frame_0026.jpg,151.63530288035855,1.7053025658242404e-13,-75.37428815267612,-8.187365594736093,75.37428815267612,8.187365594736093,495.133319652507,1089.597783706136,312.0,1034.0,0.8541277050971985,0,1668,1297
frame_0028.jpg,150.40495956061972,0.0,-74.9392341203287,-6.286823885434956,74.9392341203287,6.286823885434956,494.26211055276383,1088.724824120603,312.0,1037.0,0.8473033308982849,0,1668,1297
frame_0030.jpg,153.1726809993285,2.3437142008433856e-13,-75.32855811498672,-13.823020055240477,75.32855811498672,13.823020055240477,495.0950003328673,1088.8372278809666,312.0,1022.0,0.5400347113609314,0,1668,1297
frame_0032.jpg,110.22237425799953,2.3437142008433856e-13,-55.10792807348321,-0.5993414848238672,55.10792807348321,0.5993414848238672,517.2301981981982,994.709117117117,366.0,957.0,0.8997035622596741,0,1668,1297
frame_0034.jpg,101.28690388907195,1.1368683772161603e-13,-49.917924985256434,-8.541662017712724,49.917924985256434,8.541662017712724,537.2248711340206,955.0424541809849,392.0,902.0,0.9006001949310303,0,1668,1297
frame_0036.jpg,99.8145280325935,2.2737367544323206e-13,-48.62439382816598,-11.242923393662466,48.62439382816598,11.242923393662466,543.7383256205301,946.4397700182301,400.0,888.0,0.9174790978431702,0,1668,1297
frame_0038.jpg,106.5225878673668,1.6077746776921858e-13,-52.67508542074705,-7.880406550884345,52.67508542074705,7.880406550884345,552.8946037765662,940.95567670064,400.0,889.0,0.9085325002670288,0,1668,1297
frame_0040.jpg,101.79682324307124,1.6077746776921858e-13,-50.31631151870323,-7.675747569330667,50.31631151870323,7.675747569330667,553.2308950689413,940.5477915400794,405.0,889.0,0.9178584218025208,0,1668,1297
frame_0042.jpg,97.5235002144364,0.0,-48.20513942791132,-7.346618695319876,48.20513942791132,7.346618695319876,558.3228730822873,941.1576785991011,414.0,890.0,0.8995252847671509,0,1668,1297
frame_0044.jpg,106.16959212687988,1.1368683772161603e-13,-52.65142285451236,-6.769286852567404,52.65142285451236,6.769286852567404,567.8599720410065,941.4753805529667,414.0,891.0,0.910259485244751,0,1668,1297
frame_0046.jpg,103.2771474779463,1.6077746776921858e-13,-51.187218794800174,-6.812556777643977,51.187218794800174,6.812556777643977,573.2817853213892,941.8369479805123,422.0,891.0,0.9160065054893494,0,1668,1297
frame_0048.jpg,100.88435625284423,1.6077746776921858e-13,-50.39518927161214,-2.1767481287661212,50.39518927161214,2.1767481287661212,576.6245027844072,932.3924423229912,426.0,891.0,0.9087727665901184,0,1668,1297
frame_0050.jpg,112.78849295996127,1.1368683772161603e-13,-56.39410912508299,-0.12446699578350717,56.39410912508299,0.12446699578350717,589.8711279262237,927.7723654134153,426.0,890.0,0.9163017868995667,0,1668,1297
frame_0052.jpg,107.88266608209602,1.1368683772161603e-13,-53.9372029786345,0.6674916380292757,53.9372029786345,-0.6674916380292757,590.0108541764984,927.1744533585023,431.0,891.0,0.9114463925361633,0,1668,1297
frame_0054.jpg,107.80046522564139,1.1368683772161603e-13,-53.9000796461973,0.12841280998219418,53.9000796461973,-0.12841280998219418,595.1866119595775,928.5538332953423,436.0,891.0,0.9139202833175659,0,1668,1297
frame_0056.jpg,106.99724166477549,0.0,-53.49602909645398,0.52659460587887,53.49602909645398,-0.52659460587887,605.0682684973302,928.2299771167048,446.0,891.0,0.9273924827575684,0,1668,1297
frame_0058.jpg,113.09796699053595,2.5421149729252077e-13,-56.35270528437218,4.707455945707977,56.35270528437218,-4.707455945707977,616.1134004526651,920.135409349879,450.0,891.0,0.9136309623718262,0,1668,1297
frame_0060.jpg,115.44671172059822,2.2737367544323206e-13,-57.25210447036784,-7.360865811085944,57.25210447036784,7.360865811085944,621.2199440820131,920.5374339857099,453.0,867.0,0.9285115003585815,0,1668,1297
frame_0062.jpg,110.38959227713242,1.6077746776921858e-13,-54.716944981298354,-7.247168598249402,54.716944981298354,7.247168598249402,621.1634292846555,920.2992433107106,458.0,867.0,0.9249956011772156,0,1668,1297
frame_0064.jpg,111.29631481655838,1.1368683772161603e-13,-55.155534404456375,-7.388128822337023,55.155534404456375,7.388128822337023,626.339772281115,920.8551236749116,462.0,867.0,0.9304695129394531,1,1668,1297
frame_0066.jpg,116.19802309711689,1.1368683772161603e-13,-57.61195817337125,-7.507157807669216,57.61195817337125,7.507157807669216,635.8165752589883,921.5849329677026,466.0,867.0,0.9215139150619507,0,1668,1297
frame_0068.jpg,108.41191142404723,2.2737367544323206e-13,-53.685175596117006,-7.495835901882344,53.685175596117006,7.495835901882344,635.9743707093821,921.5695652173913,474.0,867.0,0.9396350979804993,0,1668,1297
frame_0070.jpg,107.12962635226022,0.0,-53.09474955561461,-7.080733028457075,53.09474955561461,7.080733028457075,641.0922318704529,922.0062583118204,480.0,868.0,0.9455087184906006,0,1668,1297
frame_0072.jpg,116.37848781243002,1.6077746776921858e-13,-57.75673763139565,-7.0814803929056325,57.75673763139565,7.0814803929056325,651.0149795382596,922.5140143618254,480.0,868.0,0.9380456209182739,0,1668,1297
frame_0074.jpg,112.840631449181,1.1368683772161603e-13,-55.87846095713678,-7.800617124575126,55.87846095713678,7.800617124575126,651.2385229540918,922.9784277598648,484.0,867.0,0.9406912326812744,0,1668,1297
frame_0076.jpg,114.42028084059167,1.6077746776921858e-13,-56.77037141590557,-7.07990792384328,56.77037141590557,7.07990792384328,661.5974813790984,924.0838516470859,492.0,869.0,0.9396612644195557,0,1668,1297
frame_0078.jpg,124.11118178300582,1.6077746776921858e-13,-61.919757970929766,-4.103648829402744,61.919757970929766,4.103648829402744,673.0202791271494,918.5186984347289,492.0,869.0,0.9426076412200928,0,1668,1297
frame_0080.jpg,117.1128339615556,1.6077746776921858e-13,-58.409750548601494,-4.141860750540729,58.409750548601494,4.141860750540729,672.9928610653486,918.5962187181296,499.0,869.0,0.9373014569282532,0,1668,1297
frame_0082.jpg,115.22094727109446,2.2737367544323206e-13,-57.530034777544074,-3.0433157914766866,57.530034777544074,3.0433157914766866,678.5732152567389,918.6784743261088,506.0,871.0,0.9406578540802002,0,1668,1297
frame_0084.jpg,118.62304807982224,1.1368683772161603e-13,-59.19945782753081,-3.64432118004936,59.19945782753081,3.64432118004936,683.1621806569343,919.1220346715329,507.0,870.0,0.9497188925743103,0,1668,1297
frame_0086.jpg,124.31828000618036,0.0,-62.058979367862264,-3.5272887240785735,62.058979367862264,3.5272887240785735,693.4105181747873,920.437200309358,511.0,871.0,0.9465308785438538,0,1668,1297
frame_0088.jpg,116.53241618835726,0.0,-58.162400817509706,-3.476512162710435,58.162400817509706,3.476512162710435,693.6380153738644,920.3440484509667,519.0,871.0,0.9521797299385071,0,1668,1297
frame_0090.jpg,115.06965404015784,0.0,-57.42208780869862,-3.6000211000088598,57.42208780869862,3.6000211000088598,698.4095043201455,920.8431105047749,525.0,871.0,0.9452354311943054,0,1668,1297
frame_0092.jpg,124.42444260282291,0.0,-62.095367463484195,-3.8112752236831966,62.095367463484195,3.8112752236831966,708.2790996298813,921.7838960646574,525.0,871.0,0.949624240398407,0,1668,1297
frame_0094.jpg,120.26568253186375,0.0,-60.02905387430707,-3.531471317920989,60.02905387430707,3.531471317920989,708.1835266821346,921.2018561484919,529.0,871.0,0.9431857466697693,0,1668,1297
frame_0096.jpg,116.39538863249365,0.0,-58.105465837721226,-3.2751280140965378,58.105465837721226,3.2751280140965378,713.6011808910359,921.9815965033356,538.0,872.0,0.9409301280975342,0,1668,1297
frame_0098.jpg,119.69009943815345,1.6077746776921858e-13,-59.7882239015845,-2.6073470372709266,59.7882239015845,2.6073470372709266,718.2493112947658,921.8734312825221,539.0,873.0,0.9377555847167969,0,1668,1297
frame_0100.jpg,126.56091189251593,1.1368683772161603e-13,-63.18260576073368,-3.5177313783173645,63.18260576073368,3.5177313783173645,728.5398584179748,923.2458448753463,542.0,872.0,0.946725606918335,0,1668,1297
frame_0102.jpg,129.3498278514861,1.1368683772161603e-13,-64.64397237392501,-2.0003317278621466,64.64397237392501,2.0003317278621466,742.4417679896001,920.8309245239734,552.0,872.0,0.9478859305381775,0,1668,1297
frame_0104.jpg,137.03354551903996,0.0,-68.5053202026885,-1.2526984101603489,68.5053202026885,1.2526984101603489,750.7170142868057,919.7154862861945,552.0,872.0,0.9492164254188538,0,1668,1297
frame_0106.jpg,137.89879476547245,1.1368683772161603e-13,-68.9462071505157,-0.6632638997025992,68.9462071505157,0.6632638997025992,755.884225092251,919.7965098400983,556.0,873.0,0.951653778553009,0,1668,1297
frame_0108.jpg,128.81854077005613,1.1368683772161603e-13,-64.40917387375657,-0.11150081545565627,64.40917387375657,0.11150081545565627,755.8143134966938,919.6863477246208,565.0,874.0,0.9575926065444946,0,1668,1297
frame_0110.jpg,128.81892606312604,2.5421149729252077e-13,-64.4085089364346,-0.35057752282199317,64.4085089364346,0.35057752282199317,761.0504768550826,920.4472357912692,570.0,874.0,0.9517530202865601,0,1668,1297
frame_0112.jpg,137.25731840075818,2.5421149729252077e-13,-68.62540856532718,-0.6679542526969158,68.62540856532718,0.6679542526969158,770.9481565944508,921.6081337894336,571.0,874.0,0.955722451210022,0,1668,1297
frame_0114.jpg,133.37671641079734,1.1368683772161603e-13,-66.68768290695715,-0.3001143660351886,66.68768290695715,0.3001143660351886,771.1379802992706,920.8609669899993,575.0,874.0,0.9551485776901245,0,1668,1297
frame_0116.jpg,131.00380922258387,1.1368683772161603e-13,-65.4992933746006,-0.5848718960513111,65.4992933746006,0.5848718960513111,775.9651947255443,921.6944955535112,582.0,874.0,0.9493551254272461,0,1668,1297
frame_0118.jpg,129.89001915494913,1.1368683772161603e-13,-64.94466501169381,-0.21155504516730161,64.94466501169381,0.21155504516730161,781.0975684122265,922.2183093223568,588.0,875.0,0.9650928974151611,0,1668,1297
frame_0120.jpg,138.61577199329392,1.6077746776921858e-13,-69.30745236492135,-0.24516934630969445,69.30745236492135,0.24516934630969445,791.3323531629344,922.812259669758,589.0,875.0,0.9576365947723389,0,1668,1297
frame_0122.jpg,139.4919613871636,2.5421149729252077e-13,-69.74429958022438,-0.48425094052430495,69.74429958022438,0.48425094052430495,796.4229780801209,923.5647770219199,593.0,875.0,0.9575977921485901,0,1668,1297
frame_0124.jpg,135.6599973245873,1.6077746776921858e-13,-67.82891023605174,-0.3842586581894807,67.82891023605174,0.3842586581894807,796.616869460718,923.3691602824094,597.0,875.0,0.962681770324707,0,1668,1297
frame_0126.jpg,132.4850815977551,2.5421149729252077e-13,-66.24229822023756,-0.17927072284686574,66.24229822023756,0.17927072284686574,801.647254207263,924.2333923826395,605.0,876.0,0.9563630223274231,0,1668,1297
frame_0128.jpg,131.19145354540254,1.6077746776921858e-13,-65.5952293686048,-0.2554504237700712,65.5952293686048,0.2554504237700712,806.5832773924069,924.642873125979,611.0,876.0,0.9598028063774109,0,1668,1297
frame_0130.jpg,141.16539673881215,1.6077746776921858e-13,-70.58224532651991,-0.25289083320240024,70.58224532651991,0.25289083320240024,817.064947683109,925.1746636771301,611.0,876.0,0.964195728302002,0,1668,1297
frame_0132.jpg,139.66498816835505,0.0,-69.03236053810025,-10.540893157338644,69.03236053810025,10.540893157338644,822.1657956525032,926.0274937514201,619.0,856.0,0.9595397114753723,0,1668,1297
frame_0134.jpg,139.13341075640201,2.2737367544323206e-13,-68.05070804730065,-14.443947917327591,68.05070804730065,14.443947917327591,822.2196465457884,925.8311529339759,621.0,848.0,0.9647894501686096,0,1668,1297
frame_0136.jpg,138.15038730891249,1.1368683772161603e-13,-67.51882127232659,-14.580505903302878,67.51882127232659,14.580505903302878,827.3802071689395,926.3758849392651,627.0,848.0,0.9593793749809265,0,1668,1297
frame_0138.jpg,147.9053589740928,2.2737367544323206e-13,-72.43995117377091,-14.881272702813419,72.43995117377091,14.881272702813419,837.6592392527572,927.5196188761347,627.0,848.0,0.9654015302658081,0,1668,1297
frame_0140.jpg,146.55692439347828,1.1368683772161603e-13,-71.90244407252862,-14.134056682913808,71.90244407252862,14.134056682913808,842.8624482109227,927.2786440677966,633.0,849.0,0.9688065052032471,0,1668,1297
frame_0142.jpg,140.70431638610933,1.6077746776921858e-13,-68.8510818236764,-14.45526527359516,68.8510818236764,14.45526527359516,842.7041358163189,927.9296986014509,639.0,849.0,0.9655865430831909,0,1668,1297
frame_0144.jpg,141.73540137413565,1.1368683772161603e-13,-69.39095359792015,-14.39189214256163,69.39095359792015,14.39189214256163,848.0385594489368,928.072701407607,643.0,849.0,0.9673131108283997,0,1668,1297
frame_0146.jpg,142.75454234894573,1.1368683772161603e-13,-69.85214001049508,-14.676286187875576,69.85214001049508,14.676286187875576,853.1512235153685,928.9177857356012,647.0,849.0,0.963829517364502,0,1668,1297
frame_0148.jpg,139.88253258183732,0.0,-68.3677921435384,-14.752143159389561,68.3677921435384,14.752143159389561,858.4087754645176,929.3423625102604,655.0,849.0,0.9675718545913696,0,1668,1297
frame_0150.jpg,139.91196049542404,1.1368683772161603e-13,-68.45539002487925,-14.411757316855415,68.45539002487925,14.411757316855415,863.801671064204,929.9455438287891,660.0,850.0,0.9673055410385132,0,1668,1297
frame_0152.jpg,133.02590587221127,0.0,-65.64617444114322,-10.702929016096391,65.64617444114322,10.702929016096391,863.8157217442458,921.3164203250238,665.0,849.0,0.9618737101554871,0,1668,1297
frame_0154.jpg,135.33503419597025,1.6077746776921858e-13,-66.92084645855397,-10.02462864532913,66.92084645855397,10.02462864532913,867.6366637323944,920.1225792253521,666.0,849.0,0.9635547399520874,0,1668,1297
frame_0156.jpg,127.09036443699232,0.0,-62.83267099980094,-9.489238020655534,62.83267099980094,9.489238020655534,867.457696915244,920.0408056304283,674.0,850.0,0.9637262225151062,0,1668,1297
frame_0158.jpg,126.50270581830323,2.2737367544323206e-13,-62.52108717942326,-9.583699846144953,62.52108717942326,9.583699846144953,873.0677512814798,920.5235123690662,680.0,850.0,0.9662656188011169,0,1668,1297
frame_0160.jpg,129.08505091098948,0.0,-63.92864453096945,-8.880653163260945,63.92864453096945,8.880653163260945,881.2709241499564,920.5301511188608,685.0,851.0,0.9662975668907166,0,1668,1297
frame_0162.jpg,129.33652508109236,2.2737367544323206e-13,-62.991890229100136,-14.628942045753263,62.991890229100136,14.628942045753263,876.5290934697205,915.6714105700096,682.0,835.0,0.9659386873245239,0,1668,1297
frame_0164.jpg,132.63881452751983,0.0,-63.8467598626284,-17.940318694502423,63.8467598626284,17.940318694502423,871.1044765237679,913.9794400699913,675.0,827.0,0.9662567377090454,0,1668,1297
frame_0166.jpg,123.88850015512071,1.6077746776921858e-13,-59.13217166068051,-18.452002394405554,59.13217166068051,18.452002394405554,865.4222950819673,913.7092167577413,679.0,826.0,0.9653071761131287,1,1668,1297
frame_0168.jpg,123.00434002470259,0.0,-58.802985737616154,-18.020149404760048,58.802985737616154,18.020149404760048,871.0003665420423,914.137673191115,685.0,827.0,0.9710899591445923,0,1668,1297
frame_0170.jpg,127.6930849052742,1.6077746776921858e-13,-61.19292082270607,-18.215581910617573,61.19292082270607,18.215581910617573,881.1959083351405,915.0658570086025,690.0,827.0,0.9665893316268921,0,1668,1297
frame_0172.jpg,144.2717102498966,0.0,-68.73598440068497,-21.88483591613891,68.73598440068497,21.88483591613891,886.4844885913769,915.686244871518,680.0,820.0,0.9730671048164368,0,1668,1297
frame_0174.jpg,132.57077114738763,2.5421149729252077e-13,-63.03643390820156,-20.497813073354735,63.03643390820156,20.497813073354735,880.0143969443219,912.5096224474805,685.0,820.0,0.9635006189346313,0,1668,1297
frame_0176.jpg,155.17962537139886,2.2737367544323206e-13,-74.18051098501763,-22.747105807192327,74.18051098501763,22.747105807192327,884.5353710528217,912.2304357251246,667.0,815.0,0.9716309309005737,0,1668,1297
frame_0178.jpg,144.93564011841195,1.1368683772161603e-13,-69.27948497672287,-21.258831235359253,69.27948497672287,21.258831235359253,876.6135181975736,908.7699306759099,669.0,815.0,0.9691128730773926,0,1668,1297
frame_0180.jpg,140.33284874411638,1.1368683772161603e-13,-66.90890853174261,-21.13113977642149,66.90890853174261,21.13113977642149,881.0856890459364,908.7407979976442,678.0,815.0,0.9718540906906128,0,1668,1297
frame_0182.jpg,124.53940311316067,0.0,-58.626004070534805,-20.988267643310166,58.626004070534805,20.988267643310166,867.8891067538126,908.7867102396514,682.0,816.0,0.9714659452438354,0,1668,1297
frame_0184.jpg,124.05627240713919,1.1368683772161603e-13,-58.382502793862955,-20.951683665356484,58.382502793862955,20.951683665356484,873.6616514028201,909.0117022823084,688.0,816.0,0.9701017737388611,0,1668,1297
frame_0186.jpg,124.10611103668026,0.0,-58.362140490673085,-21.08179917628331,58.362140490673085,21.08179917628331,878.8266608645198,909.5467072816942,693.0,816.0,0.9657460451126099,0,1668,1297
frame_0188.jpg,130.50736176847843,1.1368683772161603e-13,-61.97573084525828,-20.421842598997443,61.97573084525828,20.421842598997443,889.4604780759641,910.7956445226573,696.0,818.0,0.9662445187568665,0,1668,1297
frame_0190.jpg,141.619216871481,1.1368683772161603e-13,-67.72331288039754,-20.677367804599157,67.72331288039754,20.677367804599157,890.9821528948847,911.397976391231,686.0,818.0,0.9698810577392578,0,1668,1297
frame_0192.jpg,128.9946751422214,1.6077746776921858e-13,-60.33894587472497,-22.784164774878604,60.33894587472497,22.784164774878604,880.3667800453514,916.1879251700681,691.0,819.0,0.969736635684967,0,1668,1297
frame_0194.jpg,132.68060114313408,1.6077746776921858e-13,-61.942621957008896,-23.7517802494242,61.942621957008896,23.7517802494242,883.6457264957265,917.3154558404558,691.0,818.0,0.9699891209602356,0,1668,1297
frame_0196.jpg,133.72141677583988,0.0,-62.6342888274437,-23.39444782880821,62.6342888274437,23.39444782880821,889.247998268773,917.8971362619923,695.0,819.0,0.9680842161178589,0,1668,1297
frame_0198.jpg,129.3609791326689,1.1368683772161603e-13,-60.11939866955481,-23.85840803892478,60.11939866955481,23.85840803892478,889.2225329890991,917.8220022948938,700.0,818.0,0.9747896790504456,0,1668,1297
frame_0200.jpg,130.35086931710873,1.1368683772161603e-13,-61.27124093902728,-22.218737964230968,61.27124093902728,22.218737964230968,899.9249785038693,919.1126397248495,708.0,822.0,0.9671311378479004,0,1668,1297
frame_0202.jpg,136.35758908794665,1.6077746776921858e-13,-65.05084064389024,-20.414116610633073,65.05084064389024,20.414116610633073,897.0337660495139,923.4588210257501,698.0,830.0,0.9700064063072205,0,1668,1297
frame_0204.jpg,137.29024232115282,0.0,-65.1069331217173,-21.754078206958013,65.1069331217173,21.754078206958013,896.9412903225807,926.1979928315411,698.0,830.0,0.9622251987457275,0,1668,1297
frame_0206.jpg,135.9209137150499,0.0,-64.54519154821958,-21.27303326484389,64.54519154821958,21.27303326484389,902.0285148234627,926.4980541993914,704.0,831.0,0.964804470539093,0,1668,1297
frame_0208.jpg,131.87295040998603,2.2737367544323206e-13,-62.44110988093172,-21.183166885432172,62.44110988093172,21.183166885432172,901.8253188003133,926.3036261309395,708.0,831.0,0.9541274905204773,0,1668,1297
frame_0210.jpg,127.22103390832301,2.5421149729252077e-13,-59.98024924067448,-21.181774434693523,59.98024924067448,21.181774434693523,907.1242962638005,926.5729326606712,718.0,831.0,0.954940676689148,0,1668,1297
