frame,original_green_error_px,corrected_green_error_px,left_shift_x,left_shift_y,right_shift_x,right_shift_y,left_marker_x,left_marker_y,right_marker_x,right_marker_y,left_track_score,right_track_score,left_marker_rank,right_marker_rank,output_width,output_height,mode
frame_0480.jpg,3.441132899169709,2.5421149729252077e-13,-0.5607531483212824,-1.6266237469325233,0.5607531483212824,1.6266237469325233,1164.8594701038307,845.0537952022913,961.1407002891102,843.5396723417925,0.9864718317985535,0.9670968055725098,0,0,1952,1342,overwrite
frame_0482.jpg,10.808470558658795,4.547473508864641e-13,-4.661803184508358,-2.733742859754045,4.661803184508358,2.733742859754045,1173.9192495921698,844.4025738626065,965.3086900129701,842.7013323900483,0.9849615097045898,0.962053656578064,0,0,1951,1346,overwrite
frame_0484.jpg,6.975888282089629,3.2155493553843715e-13,-2.7522119905091813,-2.142681378634336,2.7522119905091813,2.142681378634336,1164.2869300367283,846.6087073367374,971.1094561828888,842.2271100334834,0.9851452112197876,0.9578432440757751,0,0,1933,1339,overwrite
frame_0486.jpg,12.724907917366544,2.5421149729252077e-13,-6.005961616917148,-2.0998203333815013,6.005961616917148,2.0998203333815013,1168.838959212377,845.5399964838256,963.9698117539026,845.3288567493113,0.9840260148048401,0.9628102779388428,0,0,1943,1346,overwrite
frame_0488.jpg,10.14169971504644,2.2737367544323206e-13,-4.166250536701114,-2.890652995947619,4.166250536701114,2.890652995947619,1173.8435593828488,845.8185324721923,974.2441488051244,844.7883715200787,0.9871311783790588,0.9602131843566895,0,0,1941,1344,overwrite
frame_0490.jpg,8.773417703147324,2.5421149729252077e-13,-3.5293949650115337,-2.6051076233864023,3.5293949650115337,2.6051076233864023,1173.8333333333333,845.6906666666666,964.0191104933982,845.8944869122074,0.9850281476974487,0.9598979949951172,0,0,1960,1347,overwrite
frame_0492.jpg,10.056344264256142,1.1368683772161603e-13,-4.0476842706868865,-2.983080125498361,4.0476842706868865,2.983080125498361,1183.7032907261355,845.0900190372587,975.1259512937595,846.5379249112125,0.9853894114494324,0.962752640247345,0,0,1959,1354,overwrite
frame_0494.jpg,8.882531191084894,3.2155493553843715e-13,-3.927890187968046,-2.0728045642108555,3.927890187968046,2.0728045642108555,1186.0858794384806,842.9768786127167,968.9856798525449,848.472281298738,0.9856796264648438,0.9576985836029053,0,1,1978,1356,overwrite
frame_0496.jpg,10.600960457765108,2.2737367544323206e-13,-4.030067312712731,-3.442912736590813,4.030067312712731,3.442912736590813,1179.5079268292684,842.7641260162601,975.3923493142065,848.6689316723292,0.9826213121414185,0.9611688256263733,0,0,1956,1355,overwrite
frame_0498.jpg,15.924889538238766,1.1368683772161603e-13,-7.262586988030762,-3.2642544236874187,7.262586988030762,3.2642544236874187,1184.2411193721603,842.5951053283767,961.0260606060606,848.5667878787879,0.984000027179718,0.962239146232605,0,0,1980,1354,overwrite
frame_0500.jpg,17.019802647576256,1.1368683772161603e-13,-8.051870651736294,-2.7542330236054227,8.051870651736294,2.7542330236054227,1188.955676988464,842.278283748229,964.7407544378698,848.9924802761341,0.9821426868438721,0.959058940410614,0,1,1980,1354,overwrite
frame_0502.jpg,11.099760670739984,4.687428401686771e-13,-4.50351637991912,-3.2433797114625236,4.50351637991912,3.2433797114625236,1189.0160690971175,842.1399015767801,971.887018057589,847.8626159102,0.984031617641449,0.9624369740486145,0,0,1980,1354,overwrite
frame_0504.jpg,13.570662746471035,1.1368683772161603e-13,-5.243783132803173,-4.306211827203015,5.243783132803173,4.306211827203015,1193.31602524944,842.2185909183465,975.2402153926976,847.0721040189126,0.9824573993682861,0.9697932600975037,0,0,1978,1355,overwrite
frame_0506.jpg,14.58364286273824,1.1368683772161603e-13,-6.503972458931003,-3.296816955859242,6.503972458931003,3.296816955859242,1202.5241110055924,841.3615068059512,981.9993781094527,845.8155472636815,0.9839966297149658,0.9592316150665283,0,0,1980,1353,overwrite
frame_0508.jpg,15.402525904421347,0.0,6.705917854094878,-3.7868346667400488,-6.705917854094878,3.7868346667400488,1185.694985627595,845.3230064941977,990.647653000594,847.7067736185384,0.9852632880210876,0.9600447416305542,0,0,1984,1348,overwrite
frame_0510.jpg,17.15520554313914,2.2737367544323206e-13,-7.475440184505601,-4.206312322535837,7.475440184505601,4.206312322535837,1190.374034648299,845.1993320809852,992.4285344716077,844.8438753072047,0.9844399690628052,0.9574089646339417,0,0,1950,1352,overwrite
frame_0512.jpg,15.79048337365905,1.1368683772161603e-13,-5.937879707407319,-5.203501309100545,5.937879707407319,5.203501309100545,1194.8029860434924,845.2921129503408,1001.175530486167,843.9278807413376,0.9817681312561035,0.9570648670196533,0,0,1947,1356,overwrite
frame_0514.jpg,28.995444212764703,2.2737367544323206e-13,-13.491115691012169,-5.3078944682060865,13.491115691012169,5.3078944682060865,1198.6526645768024,844.6261233019852,990.4057842703261,842.8134867935664,0.9808010458946228,0.9599601626396179,0,0,1947,1356,overwrite
frame_0516.jpg,20.157676964325436,2.2737367544323206e-13,-8.92614037009173,-4.680491773621952,8.92614037009173,4.680491773621952,1198.942193408968,845.208752025932,999.9472693032014,844.6866760828625,0.9805566668510437,0.9574868679046631,0,0,1947,1356,overwrite
frame_0518.jpg,7.428205006999682,2.5421149729252077e-13,-3.4484595653640326,-1.3793781325485384,3.4484595653640326,1.3793781325485384,1208.7096041531472,844.1271901362751,1005.0193587416817,843.9690260133091,0.9808071851730347,0.9625051617622375,0,0,1980,1351,overwrite
frame_0520.jpg,9.194873072975708,2.2737367544323206e-13,-4.358407342477449,-1.4631159024739304,4.358407342477449,1.4631159024739304,1208.44582801192,844.7683056619837,986.9509238728749,846.5148558758315,0.9790259003639221,0.9566405415534973,0,0,2003,1353,overwrite
frame_0522.jpg,7.232519603597952,4.0990372275064023e-13,-2.1973756162365135,-2.8720855410792296,2.1973756162365135,2.8720855410792296,1213.1997384766264,843.7685518143184,996.8143661282427,842.7492657856094,0.9791584014892578,0.9532426595687866,0,0,2000,1350,overwrite
frame_0524.jpg,6.625129909581146,1.1368683772161603e-13,-1.6267484053526005,-2.8856153945717438,1.6267484053526005,2.8856153945717438,1217.7166506461604,843.9922033536259,1002.2160970231532,841.4554698027684,0.974377453327179,0.9556013345718384,0,0,2007,1351,overwrite
frame_0526.jpg,20.168736357283723,1.1368683772161603e-13,7.685026874755749,-6.5295362390208425,-7.685026874755749,6.5295362390208425,1203.7682625309058,849.339739267251,1005.7662575821695,840.6038933559036,0.9765697717666626,0.9546487331390381,0,0,2007,1351,overwrite
frame_0528.jpg,5.594836490074283,3.2155493553843715e-13,-1.8991843341769936,-2.0539346879789946,1.8991843341769936,2.0539346879789946,1202.6341008771929,850.0051535087719,1010.9396460644479,841.6665346011621,0.976799488067627,0.9551063179969788,0,0,1978,1356,overwrite
frame_0530.jpg,5.398243334204767,1.1368683772161603e-13,-1.780139354748826,-2.028881872238003,1.780139354748826,2.028881872238003,1207.0326310102646,849.7502971366828,1015.9385716214391,840.4277035236938,0.970319390296936,0.9532522559165955,0,0,1979,1352,overwrite
frame_0532.jpg,5.326911635471198,0.0,-1.785311539550321,-1.976527156347231,1.785311539550321,1.976527156347231,1212.015238095238,849.24,1021.7363494539782,839.6926677067082,0.9739552736282349,0.9440005421638489,0,0,1980,1355,overwrite
frame_0534.jpg,18.529991780606416,2.2737367544323206e-13,-8.962583966354828,-2.3478154725988816,8.962583966354828,2.3478154725988816,1220.9995461765373,849.1468118901746,1015.2654844512978,839.1886404523258,0.9695195555686951,0.9405941367149353,0,0,1982,1353,overwrite
frame_0536.jpg,6.543356567799742,2.5421149729252077e-13,-1.7391801784671088,-2.7711245190660634,1.7391801784671088,2.7711245190660634,1220.9403634780715,848.8688649472194,1020.102948525737,837.7358820589704,0.9667352437973022,0.9425732493400574,0,0,1999,1359,overwrite
frame_0538.jpg,10.436873907171407,2.2737367544323206e-13,-3.537992978726379,-3.8359731387265583,3.537992978726379,3.8359731387265583,1225.07005312085,849.2841965471448,1021.4768500197863,836.0441894209207,1.0,1.0,0,0,1997,1359,overwrite
frame_0540.jpg,9.09207410966293,4.547473508864641e-13,-0.8394768915762825,-4.467855352673155,0.8394768915762825,4.467855352673155,1216.205818022747,848.8858267716536,1012.7007575757575,835.2520772238514,1.0,0.9999939203262329,0,0,1994,1354,overwrite
frame_0542.jpg,7.525597600804119,2.2737367544323206e-13,-2.439759295136014,-2.8646517055489653,2.439759295136014,2.8646517055489653,1215.2777964018326,849.1721980109509,1016.7421142369991,835.5467462347257,0.9619457721710205,0.9197021722793579,0,0,2000,1373,overwrite
frame_0544.jpg,9.493516481199551,1.1368683772161603e-13,-3.1681961474740774,-3.5347202104031226,3.1681961474740774,3.5347202104031226,1220.6976109215018,849.0596131968146,1021.5025682616922,833.7731819410651,0.9697989225387573,0.9339146018028259,0,0,2000,1373,overwrite
frame_0546.jpg,12.65925164221823,0.0,-5.404443500244497,-3.294867749685295,5.404443500244497,3.294867749685295,1228.3748550220366,848.2593365808397,1025.7578786616687,832.9489101763154,0.9674727916717529,0.9332801103591919,0,0,2000,1373,overwrite
frame_0548.jpg,11.625543813167733,2.2737367544323206e-13,2.268040516072915,-5.352037878735757,-2.268040516072915,5.352037878735757,1214.4453250631748,851.0774178727314,1025.4519015659955,832.669052945563,0.9762734174728394,0.9421292543411255,0,0,2000,1373,overwrite
frame_0550.jpg,18.507853629374058,2.2737367544323206e-13,-8.584635629579793,-3.455313675910304,8.584635629579793,3.455313675910304,1223.6387337057727,849.7654795158286,1030.7465693937813,830.9273927392738,0.9713124632835388,0.9433539509773254,0,0,1979,1365,overwrite
frame_0552.jpg,11.581006559089273,1.1368683772161603e-13,-5.426499236690347,-2.0206519404925416,5.426499236690347,2.0206519404925416,1227.8058657642414,849.0021432600112,1041.791416309013,832.759513590844,0.9742562174797058,0.9344694018363953,0,0,1979,1365,overwrite
frame_0554.jpg,31.190279844305465,1.1368683772161603e-13,-13.810834831143893,-7.2435647617995755,13.810834831143893,7.2435647617995755,1227.3375886524823,849.2362884160756,1024.5100082712986,822.5900744416873,0.9765012860298157,0.9488400816917419,0,0,1979,1365,overwrite
frame_0556.jpg,26.17318802646315,3.2155493553843715e-13,-11.957752436152191,-5.317057413912778,11.957752436152191,5.317057413912778,1232.0766516998076,847.5702373316228,1033.4952288533075,824.4033640627526,0.9758592247962952,0.9393861293792725,0,0,1979,1365,overwrite
frame_0558.jpg,57.55660159501874,1.1368683772161603e-13,22.863239775998636,-17.47749592296111,-22.863239775998636,17.47749592296111,1172.8284933378886,867.6016399043389,1037.228331080066,824.65284662761,0.9767526984214783,0.9501129388809204,0,0,1979,1365,overwrite
frame_0560.jpg,52.04848096165215,1.1368683772161603e-13,19.110586256831425,-17.66484037641078,-19.110586256831425,17.66484037641078,1180.5213856486391,866.429362554495,1038.437181933842,822.6316793893129,0.9725072383880615,0.9497426152229309,0,0,1979,1365,overwrite
frame_0562.jpg,56.69127868230608,2.2737367544323206e-13,21.121249229379146,-18.904182094160376,-21.121249229379146,18.904182094160376,1180.6169350029813,867.3928443649373,1042.689898468422,821.1834451901566,0.9767743349075317,0.9420823454856873,0,0,1979,1365,overwrite
frame_0564.jpg,59.3085574462947,2.5421149729252077e-13,24.122382664482302,-17.247808590612124,-24.122382664482302,17.247808590612124,1184.6685337316403,866.6527259148619,1053.2691415313225,823.4968290796596,0.9734607338905334,0.9488915801048279,0,0,1979,1365,overwrite
frame_0566.jpg,60.492014365475036,1.1368683772161603e-13,23.726592446056543,-18.758191847748606,-23.726592446056543,18.758191847748606,1188.6724456773,866.0190707350902,1057.0149231003502,819.5931171006548,0.9744617938995361,0.9475356936454773,0,0,1979,1365,overwrite
frame_0568.jpg,55.29806158480864,1.1368683772161603e-13,21.69555085774084,-17.139777616366644,-21.69555085774084,17.139777616366644,1197.7551259519623,864.9714118336262,1063.3019450033532,821.2448021462105,0.9718598127365112,0.9485081434249878,0,0,1979,1365,overwrite
frame_0570.jpg,49.8262714596908,4.687428401686771e-13,16.102841385986608,-19.009545791298024,-16.102841385986608,19.009545791298024,1197.4503094284673,865.3410993811431,1051.8112041467305,817.9182615629984,0.9745381474494934,0.9531800746917725,0,0,1979,1365,overwrite
frame_0572.jpg,45.77480904798526,1.1368683772161603e-13,12.843660799270879,-18.9439611253336,-12.843660799270879,18.9439611253336,1206.112120153685,865.0617068343229,1055.2622368061252,817.3109105824446,0.972326397895813,0.9573767185211182,0,0,1979,1365,overwrite
frame_0574.jpg,52.03437964032562,2.5421149729252077e-13,6.985109144326088,-25.061971518223288,-6.985109144326088,25.061971518223288,1211.1637961335678,864.8339777387229,1049.3555194805194,804.5741341991342,0.9707598090171814,0.9504677057266235,0,0,1979,1365,overwrite
frame_0576.jpg,51.10111377871048,2.5421149729252077e-13,5.477224935790559,-24.956581584001697,-5.477224935790559,24.956581584001697,1210.9900920028308,863.9118895966029,1046.0225988700565,803.8013182674199,0.974568247795105,0.9514586329460144,0,0,1979,1365,overwrite
frame_0578.jpg,51.53976297855784,4.547473508864641e-13,5.211788284955787,-25.237354355087973,-5.211788284955787,25.237354355087973,1219.5313182811362,863.5364166059724,1055.323883161512,802.4023482245132,0.9681373834609985,0.9512721300125122,0,1,1979,1365,overwrite
frame_0580.jpg,57.93973221776611,1.1368683772161603e-13,10.148065650287549,-27.134293908706468,-10.148065650287549,27.134293908706468,1219.525989508822,864.0249165474487,1065.2519319938176,799.134724368882,0.9748075604438782,0.9561594128608704,0,0,1979,1365,overwrite
frame_0582.jpg,49.8495029757394,2.5421149729252077e-13,6.802235765728142,-23.978590978610725,-6.802235765728142,23.978590978610725,1220.8749574105623,861.5706984667802,1059.8116298116297,802.7349713349713,0.970909595489502,0.9550581574440002,0,0,1979,1365,overwrite
frame_0584.jpg,50.9109075616315,2.2737367544323206e-13,7.0501210396977285,-24.4596794850803,-7.0501210396977285,24.4596794850803,1221.4328988206082,856.4137802607077,1060.3021571406077,796.1913084553613,0.9667838215827942,0.951572060585022,0,0,1979,1365,overwrite
frame_0586.jpg,54.12756368524374,2.2737367544323206e-13,7.570323893898376,-25.983427098181267,-7.570323893898376,25.983427098181267,1222.0429089208465,852.4076932070617,1061.5428671206564,788.7986729526802,0.972383439540863,0.9484277367591858,0,0,1979,1365,overwrite
frame_0588.jpg,60.194082150490814,0.0,6.716108575172029,-29.338128213836512,-6.716108575172029,29.338128213836512,1222.48800783162,845.7213656387665,1059.505510872803,774.8662496276437,0.9765989184379578,0.9529279470443726,0,0,1979,1365,overwrite
frame_0590.jpg,51.93387821803903,3.2155493553843715e-13,6.397134103958365,-25.16661681568462,-6.397134103958365,25.16661681568462,1223.4727843684577,843.3063503140265,1059.7025305848833,780.5575666163901,0.9728270769119263,0.9583552479743958,0,0,1979,1365,overwrite
frame_0592.jpg,46.44880818658297,2.5421149729252077e-13,5.030778093954154,-22.672984304186457,-5.030778093954154,22.672984304186457,1223.5781195386228,833.5776535011067,1055.8635120925342,775.0628811777076,0.9754676818847656,0.9624428153038025,0,0,1979,1365,overwrite
frame_0594.jpg,51.40087698701497,1.1368683772161603e-13,4.14729903794148,-25.363604819671252,-4.14729903794148,25.363604819671252,1223.6218133718132,834.2833092833092,1054.2362144628887,770.4392291547414,0.9744784235954285,0.9612099528312683,0,0,1979,1365,overwrite
frame_0596.jpg,52.297593503816685,2.2737367544323206e-13,5.141888022499188,-25.638263574912628,-5.141888022499188,25.638263574912628,1223.8636473429951,825.2237922705314,1055.3615728328864,760.1215370866845,0.9759893417358398,0.9630618095397949,0,0,1979,1365,overwrite
frame_0598.jpg,49.69463367077242,3.2155493553843715e-13,-3.183758257942145,-24.642500629462347,3.183758257942145,24.642500629462347,1224.7444444444443,821.8562428407789,1039.3046139359699,758.4399717514125,0.9726861119270325,0.9569377303123474,0,0,1979,1365,overwrite
frame_0600.jpg,60.20203783523937,0.0,-2.913342511511928,-29.959702523381566,2.913342511511928,29.959702523381566,1225.239251040222,820.8892741562644,1040.296109993293,746.7379275653924,0.9740889072418213,0.9595788717269897,0,0,1979,1365,overwrite
frame_0602.jpg,54.980404949616506,2.2737367544323206e-13,-7.17294525447744,-26.537899096993783,7.17294525447744,26.537899096993783,1225.629468072216,811.1158366654549,1030.9946495452114,743.035848047084,0.9747089147567749,0.9585338234901428,0,1,1979,1365,overwrite
frame_0604.jpg,52.98119905765734,2.5421149729252077e-13,-15.23468172712876,-21.6715559217576,15.23468172712876,21.6715559217576,1224.1934808941746,806.7741438167602,1012.6610486891385,748.1707865168539,0.9775019884109497,0.9534344673156738,0,3,1979,1365,overwrite
frame_0606.jpg,55.426941017117834,2.2737367544323206e-13,-5.479788088579085,-27.1663094684028,5.479788088579085,27.1663094684028,1208.456462585034,807.2697278911564,1014.0365022061771,738.5645808263137,0.9783384203910828,0.9547337889671326,0,0,1979,1365,overwrite
frame_0608.jpg,53.489886304171954,1.1368683772161603e-13,-5.590338736899753,-26.154160223854035,5.590338736899753,26.154160223854035,1207.8291521486642,801.9516840882693,1012.42012012012,734.9015015015015,0.9768494367599487,0.9604549407958984,0,0,1979,1365,overwrite
frame_0610.jpg,55.239925475059835,2.2737367544323206e-13,-3.967120391625599,-27.33357454525276,3.967120391625599,27.33357454525276,1207.927729092286,798.4799307584117,1015.342684766214,728.8024132730014,0.9779431223869324,0.9549371004104614,0,1,1979,1365,overwrite
frame_0612.jpg,56.49503893032565,2.5421149729252077e-13,-6.875377687424361,-27.398020687451492,6.875377687424361,27.398020687451492,1209.1567002881845,793.1605427473582,1010.2751937984497,722.8837209302326,0.976513683795929,0.9582569003105164,0,2,1979,1365,overwrite
frame_0614.jpg,49.89545569664075,1.1368683772161603e-13,-6.302516324313615,-24.13850477506054,6.302516324313615,24.13850477506054,1209.6716149347728,789.2050157444894,1011.5170175438597,725.118947368421,0.9775463342666626,0.9530317783355713,0,1,1979,1365,overwrite
frame_0616.jpg,52.000151816186154,2.5421149729252077e-13,-5.0312532627607425,-25.508634574052792,5.0312532627607425,25.508634574052792,1208.859862566182,784.6822124591641,1012.5514660012476,717.5577043044292,0.9801622629165649,0.9550376534461975,0,0,1979,1365,overwrite
frame_0618.jpg,47.9343038376983,2.2737367544323206e-13,-5.842531171652695,-23.244121850684337,5.842531171652695,23.244121850684337,1210.5518134715026,774.7268998272884,1011.6282051282051,711.2826522435897,0.977402925491333,0.9618433117866516,0,0,1979,1365,overwrite
frame_0620.jpg,53.022090352756834,2.5421149729252077e-13,-7.908326236328662,-25.304029174891753,7.908326236328662,25.304029174891753,1211.4965532577273,769.9553035356904,1007.986394557823,701.9763694951665,0.9787592887878418,0.9616237878799438,0,0,1979,1365,overwrite
frame_0622.jpg,50.91437976147979,2.2737367544323206e-13,-12.001719788493915,-22.450550967460003,12.001719788493915,22.450550967460003,1210.8921375383268,765.4636443276389,998.5349065880039,702.8849557522124,0.9800760746002197,0.964148759841919,0,6,1979,1365,overwrite
frame_0624.jpg,48.73381798517551,2.5421149729252077e-13,-11.407983308788403,-21.531469310742807,11.407983308788403,21.531469310742807,1211.4876522884426,760.8410712325759,999.8274554417899,699.7163443306788,0.9755868315696716,0.9642810821533203,0,2,1979,1365,overwrite
frame_0626.jpg,43.50884985755945,0.0,-8.867265826708717,-19.865210815402804,8.867265826708717,19.865210815402804,1209.3649237472766,759.2400871459695,1002.2549450549451,701.4468864468864,0.9784868359565735,0.9598831534385681,0,2,1979,1365,overwrite
frame_0628.jpg,41.243176082077625,0.0,-3.849639624479323,-20.25907619058563,3.849639624479323,20.25907619058563,1194.7961378099626,751.7514812376563,994.53304964539,693.435744680851,0.9834885001182556,0.9598755240440369,0,0,1979,1365,overwrite
frame_0630.jpg,44.4964032072653,2.2737367544323206e-13,-0.995104290459949,-22.225936246803883,0.995104290459949,22.225936246803883,1195.0741657823369,747.4460558896357,1000.0204678362572,684.8584795321638,0.9790406823158264,0.9592147469520569,0,1,1979,1365,overwrite
frame_0632.jpg,39.22688860514294,0.0,-1.7833370295753639,-19.53220178190412,1.7833370295753639,19.53220178190412,1195.5759465966294,742.4435325016415,998.3925667828106,684.8401858304297,0.9811981320381165,0.9637933373451233,0,0,1979,1365,overwrite
frame_0634.jpg,52.316413474726744,2.2737367544323206e-13,-0.28542557043181205,-26.15664947883016,0.28542557043181205,26.15664947883016,1197.0140921409213,733.960216802168,1001.978354978355,662.3896103896104,0.9828976988792419,0.9605487585067749,0,7,1979,1365,overwrite
frame_0636.jpg,63.06474429640752,2.2737367544323206e-13,6.083721124488534,-30.939922924472,-6.083721124488534,30.939922924472,1164.124243462373,756.3189448441246,979.6630343671417,678.7228276054764,0.9810845255851746,0.9570972919464111,0,2,1979,1365,overwrite
frame_0638.jpg,26.42133687907024,2.5421149729252077e-13,-12.73174531966788,3.5248293199024943,12.73174531966788,-3.5248293199024943,1162.3015401540154,767.9081408140813,979.5979133226324,685.2731407169608,0.9821681380271912,0.9601598978042603,0,1,2083,1463,overwrite
frame_0640.jpg,30.650494819412103,0.0,-14.053702108566313,6.112009915926251,14.053702108566313,-6.112009915926251,1163.0347293156283,768.491544660084,977.9510859301226,690.985835694051,0.9839096069335938,0.9657694697380066,0,1,2083,1463,overwrite
frame_0642.jpg,38.13113800507626,2.5421149729252077e-13,-14.320939185128168,12.58596926130059,14.320939185128168,-12.58596926130059,1163.2381751090238,763.6087442692608,976.6771717171716,698.6715151515151,0.9829639792442322,0.9640438556671143,0,5,2083,1463,overwrite
frame_0644.jpg,30.267819857755917,2.2737367544323206e-13,-12.830786624449956,8.025343876322495,12.830786624449956,-8.025343876322495,1163.436744386874,759.5979058721933,979.0878192949123,685.2239814228413,0.9840129017829895,0.9629162549972534,0,0,2083,1463,overwrite
frame_0646.jpg,31.26674814882535,2.2737367544323206e-13,-12.560672740801579,9.30762511326077,12.560672740801579,-9.30762511326077,1164.304943219773,749.9789579158316,978.7320872274142,677.3658489096573,0.984059751033783,0.9626473784446716,0,1,2083,1463,overwrite
frame_0648.jpg,35.90681910875665,4.547473508864641e-13,-13.032352768474766,12.348388394655842,13.032352768474766,-12.348388394655842,1164.933909957862,745.9510978043912,977.7319384835479,679.0507868383404,0.9809839725494385,0.9670608639717102,0,0,2083,1463,overwrite
frame_0650.jpg,39.05926297313409,2.5421149729252077e-13,-12.66857745031541,14.863164245424684,12.66857745031541,-14.863164245424684,1167.7693240710112,751.0800529275554,982.8948364422816,689.2411462557448,0.9776302576065063,0.967601478099823,0,1,2083,1463,overwrite
frame_0652.jpg,32.86562607996194,2.2737367544323206e-13,-13.107326003210687,9.911374750887262,13.107326003210687,-9.911374750887262,1168.0701281186784,750.6226118228815,982.2861710631495,678.810551558753,0.9807077646255493,0.9671317338943481,0,3,2083,1463,overwrite
frame_0654.jpg,43.56432022619187,2.2737367544323206e-13,-16.163018681143626,14.602031581446113,16.163018681143626,-14.602031581446113,1167.9753415528157,746.0580917471952,975.1414048059149,683.3059149722735,0.981431245803833,0.9653868079185486,0,1,2083,1463,overwrite
frame_0656.jpg,41.78243507791371,0.0,-15.190048177852873,14.342433775845961,15.190048177852873,-14.342433775845961,1169.043550531915,736.8349955673758,976.5110356536503,672.7619317109978,0.980039119720459,0.9669137597084045,0,0,2083,1463,overwrite
frame_0658.jpg,51.65207915621694,4.687428401686771e-13,-13.60894250847889,21.94951033829551,13.60894250847889,-21.94951033829551,1168.9350781781102,736.969975073646,979.5702702702703,688.1340540540541,0.9836281538009644,0.9719008207321167,0,0,2083,1463,overwrite
frame_0660.jpg,53.993940627659875,2.5421149729252077e-13,-13.234466904474175,23.53051830878769,13.234466904474175,-23.53051830878769,1169.016486515995,732.3340976089092,979.482905982906,686.3123219373218,0.9850642085075378,0.9672558307647705,0,2,2083,1463,overwrite
frame_0662.jpg,48.82938292345897,2.5421149729252077e-13,-11.66880087469201,21.445657959555206,11.66880087469201,-21.445657959555206,1169.360450563204,726.7829578639966,981.9085880640465,676.1449781659388,0.9846348762512207,0.9697147607803345,0,7,2083,1463,overwrite
frame_0664.jpg,57.212044478762664,2.5421149729252077e-13,-13.114687874208812,25.42261729881602,13.114687874208812,-25.42261729881602,1170.4365401987352,718.074074074074,978.5534667475237,674.6238124115624,0.9802780747413635,0.9729331135749817,0,1,2083,1463,overwrite
frame_0666.jpg,50.78208409897802,4.547473508864641e-13,-17.41752750479384,18.475247007243752,17.41752750479384,-18.475247007243752,1172.2290832220738,724.6527592345349,973.4246424642464,667.568940227356,0.9811972975730896,0.9696155190467834,0,1,2083,1463,overwrite
frame_0668.jpg,56.160719380316834,2.2737367544323206e-13,-16.379562368756638,22.80825589423017,16.379562368756638,-22.80825589423017,1174.174332019273,722.1433420937362,977.329958308517,673.30474488783,0.9836991429328918,0.9712000489234924,0,0,2083,1463,overwrite
frame_0670.jpg,54.794434462265635,2.5421149729252077e-13,-17.337421267176296,21.213706319602522,17.337421267176296,-21.213706319602522,1176.4306892355348,733.0841907290629,980.328678839957,681.5828857858933,0.9796268939971924,0.9671182632446289,0,5,2083,1463,overwrite
frame_0672.jpg,49.995219117245135,4.687428401686771e-13,-24.967439576331003,-1.2277803743335767,24.967439576331003,1.2277803743335767,1180.3428623287048,758.1430256829112,974.8207768744354,663.1279132791328,0.9813929200172424,0.9700606465339661,0,0,2083,1463,overwrite
frame_0674.jpg,59.86753094769337,2.5421149729252077e-13,-29.406085096663105,-5.5957550635337725,29.406085096663105,5.5957550635337725,1186.6607313804327,764.2344438062415,974.767715810786,660.1752254739554,0.9793105125427246,0.9722715020179749,0,0,2083,1463,overwrite
frame_0676.jpg,59.87467405804611,2.2737367544323206e-13,-29.723607190048256,-3.5708996066854866,29.723607190048256,3.5708996066854866,1187.359349210092,755.9567712017606,973.3029245596543,655.2502492522433,0.9777210354804993,0.9739981293678284,0,1,2083,1463,overwrite
frame_0678.jpg,59.14740879188449,0.0,-29.123375372757778,5.141303200164259,29.123375372757778,-5.141303200164259,1186.8273549846501,754.6124575860398,973.5923973806101,671.2948410796997,0.9808436036109924,0.9687003493309021,0,0,2083,1463,overwrite
frame_0680.jpg,61.94388784636321,2.5421149729252077e-13,-30.369959687727373,6.076747398610564,30.369959687727373,-6.076747398610564,1187.2743786640242,749.5769135496656,970.6209593326381,667.7035106013208,0.9819015264511108,0.9671695232391357,0,1,2083,1463,overwrite
frame_0682.jpg,59.17877133630524,0.0,-29.46176351276199,2.745220380363264,29.46176351276199,-2.745220380363264,1188.1698329137103,740.2206454566262,971.6266771902131,650.8831886345698,0.9837613105773926,0.9749131202697754,0,1,2083,1463,overwrite
frame_0684.jpg,69.80544175721023,2.2737367544323206e-13,-31.951575497686463,14.046236077521257,31.951575497686463,-14.046236077521257,1188.0281134824718,735.7367789491728,965.572072072072,668.6866666666666,0.9819433689117432,0.9691321849822998,0,1,2083,1463,overwrite
frame_0686.jpg,8.622981918323473,0.0,-4.306388949850884,-0.20968667944242725,4.306388949850884,0.20968667944242725,1188.7200987418378,735.2344322344321,963.9714096843496,676.6830275987439,0.9805440902709961,0.9736658930778503,0,1,2110,1494,overwrite
frame_0688.jpg,4.054097492205459,1.1368683772161603e-13,-0.26481615439649886,2.0096763479344872,0.26481615439649886,-2.0096763479344872,1189.231434343434,727.9755151515152,971.4577557755774,673.2290429042904,0.9794144630432129,0.9661869406700134,0,2,2110,1494,overwrite
frame_0690.jpg,7.096565125906411,1.1368683772161603e-13,-3.545946692541861,0.12872917388534688,3.545946692541861,-0.12872917388534688,1188.6955266955267,721.3241141574474,963.1707097933512,662.3635220125785,0.9844664931297302,0.9729849100112915,0,0,2110,1494,overwrite
frame_0692.jpg,12.123847076539478,3.2155493553843715e-13,-4.852226499665221,-3.633567803106928,4.852226499665221,3.633567803106928,1185.9986559139784,730.9938330170778,958.990251572327,665.6144654088049,0.9811900854110718,0.9764265418052673,0,0,2110,1494,overwrite
frame_0694.jpg,27.07641270350021,4.547473508864641e-13,-8.698719335622854,-10.373780079731205,8.698719335622854,10.373780079731205,1189.7937928254735,741.2571543732365,957.4380065528538,662.7092602172788,0.9800015091896057,0.974510908126831,0,1,2110,1494,overwrite
frame_0696.jpg,30.804405622516157,2.2737367544323206e-13,-8.53387249579282,-12.821890331174927,8.53387249579282,12.821890331174927,1189.8123631053784,737.2491279305589,957.1290738948047,653.4898354307841,0.981440544128418,0.9755327701568604,0,2,2110,1494,overwrite
frame_0698.jpg,26.489317565741803,2.5421149729252077e-13,-8.362762957522591,-10.270597937363107,8.362762957522591,10.270597937363107,1190.4394082467736,731.9018728360087,957.3253740846864,652.7462591531358,0.9833624958992004,0.9695364236831665,0,1,2110,1494,overwrite
frame_0700.jpg,26.120040457328322,2.2737367544323206e-13,-8.45111200153292,-9.95704947816688,8.45111200153292,9.95704947816688,1190.8180980888787,726.8543249673804,956.7608909915236,647.8815296668637,0.9801880121231079,0.9695977568626404,0,2,2110,1494,overwrite
frame_0702.jpg,23.210811284365523,0.0,-7.284444734868202,-9.034506351996129,7.284444734868202,9.034506351996129,1190.342549923195,722.1930633034199,957.7682926829268,644.7611304684475,0.981218695640564,0.9715397953987122,0,1,2110,1494,overwrite
frame_0704.jpg,8.530629949149468,1.1368683772161603e-13,-4.0158436579258705,-1.4373279192404311,4.0158436579258705,1.4373279192404311,1190.9424683695393,712.6948356807511,956.0810329474622,631.5298308103295,0.9835248589515686,0.9712420105934143,0,0,2116,1502,overwrite
frame_0706.jpg,7.629545438673098,2.5421149729252077e-13,-3.5816535670114718,1.3131064793490168,3.5816535670114718,-1.3131064793490168,1191.4117032392894,712.4393537496986,960.3951293759511,659.1111111111111,0.9840772151947021,0.9729183912277222,0,1,2116,1486,overwrite
frame_0708.jpg,7.636882427540283,2.5421149729252077e-13,-3.6780486061908277,-1.0258907122671985,3.6780486061908277,1.0258907122671985,1191.1940088930494,708.2206100319837,959.3013535623976,649.9366354306113,0.9824790358543396,0.9790544509887695,0,0,2116,1486,overwrite
frame_0710.jpg,10.115335100698726,2.5421149729252077e-13,-5.045073154558622,0.35670424024510794,5.045073154558622,-0.35670424024510794,1202.5719307054983,757.8927106870867,958.6561298590346,640.7694717357255,0.9787269830703735,0.9786380529403687,0,0,2157,1509,overwrite
frame_0712.jpg,8.645334061207633,6.915300366811402e-13,-3.7333036597156024,-2.178966278266671,3.7333036597156024,2.178966278266671,1205.0156395299687,760.7121481105758,959.1801020408163,636.5777210884353,0.9825987219810486,0.9748539328575134,0,1,2166,1514,overwrite
frame_0714.jpg,8.296985784479638,2.2737367544323206e-13,-4.146966535660795,-0.1125247931515787,4.146966535660795,0.1125247931515787,1205.3300350026925,756.3337372105547,958.0355745286374,635.989683386695,0.9814720749855042,0.9757092595100403,0,2,2166,1514,overwrite
frame_0716.jpg,7.426008318826138,4.547473508864641e-13,-3.6541767574179858,-0.6583252337294425,3.6541767574179858,0.6583252337294425,1205.6723681531257,746.7081381931717,957.9179507441063,624.5620966679836,0.9815337657928467,0.9786269664764404,0,0,2166,1514,overwrite
frame_0718.jpg,5.0963359401793,4.687428401686771e-13,-2.069479527112094,-1.4867462764892707,2.069479527112094,1.4867462764892707,1206.181364506426,747.8794093519278,957.0749063670412,639.3721155007853,0.9817907810211182,0.9751076698303223,0,0,2170,1507,overwrite
frame_0720.jpg,9.230523179616373,1.1368683772161603e-13,-3.8746134113009703,2.5075905677214223,3.8746134113009703,-2.5075905677214223,1207.6166408468887,737.0160082623289,955.9872799545712,636.5258375922771,0.98268723487854,0.9769760370254517,0,0,2162,1512,overwrite
